,title,director_name,genres,duration,title_year,budget,content_rating,imdb_score,gross,actor_1_name,actor_2_name,facenumber_in_poster,Swear_Count,Fuck_Count,Shit_Count,Bitch_Count,Profanity
0,Avatar,James Cameron,Action|Adventure|Fantasy|Sci-Fi,178.0,2009.0,237000000.0,PG-13,7.9,760505847.0,CCH Pounder,Joel David Moore,0.0,8,1,5,2,1
1,Harry Potter and the Half-Blood Prince,David Yates,Adventure|Family|Fantasy|Mystery,153.0,2009.0,250000000.0,PG,7.5,301956980.0,Alan Rickman,Daniel Radcliffe,3.0,0,0,0,0,0
2,Pirates of the Caribbean: Dead Man's Chest,Gore Verbinski,Action|Adventure|Fantasy,151.0,2006.0,225000000.0,PG-13,7.3,423032628.0,Johnny Depp,Orlando Bloom,2.0,0,0,0,0,0
3,Men in Black 3,Barry Sonnenfeld,Action|Adventure|Comedy|Family|Fantasy|Sci-Fi,106.0,2012.0,225000000.0,PG-13,6.8,179020854.0,Will Smith,Michael Stuhlbarg,1.0,1,0,1,0,1
4,King Kong,Peter Jackson,Action|Adventure|Drama|Romance,201.0,2005.0,207000000.0,PG-13,7.2,218051260.0,Naomi Watts,Thomas Kretschmann,0.0,0,0,0,0,0
5,King Kong,Peter Jackson,Action|Adventure|Drama|Romance,201.0,2005.0,207000000.0,PG-13,7.2,218051260.0,Naomi Watts,Thomas Kretschmann,0.0,0,0,0,0,0
6,King Kong,Peter Jackson,Action|Adventure|Drama|Romance,201.0,2005.0,207000000.0,PG-13,7.2,218051260.0,Naomi Watts,Thomas Kretschmann,0.0,0,0,0,0,0
7,Titanic,James Cameron,Drama|Romance,194.0,1997.0,200000000.0,PG-13,7.7,658672302.0,Leonardo DiCaprio,Kate Winslet,0.0,3,2,0,1,1
8,TRON: Legacy,Joseph Kosinski,Action|Adventure|Sci-Fi,125.0,2010.0,170000000.0,PG,6.8,172051787.0,Jeff Bridges,Olivia Wilde,0.0,0,0,0,0,0
9,TRON: Legacy,Joseph Kosinski,Action|Adventure|Sci-Fi,125.0,2010.0,170000000.0,PG,6.8,172051787.0,Jeff Bridges,Olivia Wilde,0.0,0,0,0,0,0
10,Cars 2,John Lasseter,Adventure|Animation|Comedy|Family|Sport,106.0,2011.0,200000000.0,G,6.3,191450875.0,Joe Mantegna,Thomas Kretschmann,0.0,0,0,0,0,0
11,Terminator Salvation,McG,Action|Adventure|Sci-Fi,118.0,2009.0,200000000.0,PG-13,6.6,125320003.0,Christian Bale,Bryce Dallas Howard,0.0,6,1,4,1,1
12,2012,Roland Emmerich,Action|Adventure|Sci-Fi,158.0,2009.0,200000000.0,PG-13,5.8,166112167.0,Oliver Platt,Liam James,0.0,2,1,1,0,1
13,Up,Pete Docter,Adventure|Animation|Comedy|Family,96.0,2009.0,175000000.0,PG,8.3,292979556.0,John Ratzenberger,Delroy Lindo,1.0,0,0,0,0,0
14,Wild Wild West,Barry Sonnenfeld,Action|Comedy|Sci-Fi|Western,106.0,1999.0,170000000.0,PG-13,4.8,113745408.0,Will Smith,Salma Hayek,2.0,1,1,0,0,1
15,G.I. Joe: The Rise of Cobra,Stephen Sommers,Action|Adventure|Sci-Fi|Thriller,118.0,2009.0,175000000.0,PG-13,5.8,150167630.0,Joseph Gordon-Levitt,Dennis Quaid,4.0,0,0,0,0,0
16,Snow White and the Huntsman,Rupert Sanders,Action|Adventure|Drama|Fantasy,132.0,2012.0,170000000.0,PG-13,6.1,155111815.0,Chris Hemsworth,Kristen Stewart,0.0,0,0,0,0,0
17,How to Train Your Dragon,Dean DeBlois,Adventure|Animation|Family|Fantasy,98.0,2010.0,165000000.0,PG,8.2,217387997.0,Gerard Butler,America Ferrera,0.0,0,0,0,0,0
18,Interstellar,Christopher Nolan,Adventure|Drama|Sci-Fi,169.0,2014.0,165000000.0,PG-13,8.6,187991439.0,Matthew McConaughey,Anne Hathaway,1.0,0,0,0,0,0
19,Inception,Christopher Nolan,Action|Adventure|Sci-Fi|Thriller,148.0,2010.0,160000000.0,PG-13,8.8,292568851.0,Leonardo DiCaprio,Tom Hardy,0.0,0,0,0,0,0
20,Shrek the Third,Chris Miller,Adventure|Animation|Comedy|Family|Fantasy,93.0,2007.0,160000000.0,PG,6.1,320706665.0,Justin Timberlake,Eric Idle,2.0,0,0,0,0,0
21,Pearl Harbor,Michael Bay,Action|Drama|History|Romance|War,184.0,2001.0,140000000.0,PG-13,6.1,198539855.0,Jennifer Garner,Jaime King,0.0,15,5,8,2,1
22,Harry Potter and the Goblet of Fire,Mike Newell,Adventure|Family|Fantasy|Mystery,157.0,2005.0,150000000.0,PG-13,7.6,289994397.0,Robert Pattinson,Daniel Radcliffe,1.0,0,0,0,0,0
23,Hancock,Peter Berg,Action|Drama,102.0,2008.0,150000000.0,PG-13,6.4,227946274.0,Will Smith,Charlize Theron,0.0,21,18,3,0,1
24,Batman Begins,Christopher Nolan,Action|Adventure,128.0,2005.0,150000000.0,PG-13,8.3,205343774.0,Christian Bale,Liam Neeson,0.0,0,0,0,0,0
25,X-Men Origins: Wolverine,Gavin Hood,Action|Adventure|Fantasy|Sci-Fi|Thriller,119.0,2009.0,150000000.0,PG-13,6.7,179883016.0,Hugh Jackman,Ryan Reynolds,0.0,0,0,0,0,0
26,Frozen,Chris Buck,Adventure|Animation|Comedy|Family|Fantasy|Musical,102.0,2013.0,150000000.0,PG,7.6,400736600.0,Josh Gad,Maurice LaMarche,0.0,24,21,3,0,1
27,Angels & Demons,Ron Howard,Mystery|Thriller,146.0,2009.0,150000000.0,PG-13,6.7,133375846.0,Tom Hanks,Ayelet Zurer,2.0,0,0,0,0,0
28,Thor,Kenneth Branagh,Action|Adventure|Fantasy,115.0,2011.0,150000000.0,PG-13,7.0,181015141.0,Chris Hemsworth,Natalie Portman,1.0,0,0,0,0,0
29,Troy,Wolfgang Petersen,Adventure,196.0,2004.0,175000000.0,R,7.2,133228348.0,Brad Pitt,Orlando Bloom,2.0,0,0,0,0,0
30,Ghostbusters,Paul Feig,Action|Comedy|Fantasy|Sci-Fi,116.0,2016.0,144000000.0,PG-13,5.5,118099659.0,Ed Begley Jr.,Kate McKinnon,4.0,0,0,0,0,0
31,Ghostbusters,Paul Feig,Action|Comedy|Fantasy|Sci-Fi,116.0,2016.0,144000000.0,PG-13,5.5,118099659.0,Ed Begley Jr.,Kate McKinnon,4.0,0,0,0,0,0
32,Armageddon,Michael Bay,Action|Adventure|Sci-Fi|Thriller,153.0,1998.0,140000000.0,PG-13,6.6,201573391.0,Bruce Willis,Steve Buscemi,0.0,10,4,6,0,1
33,Rise of the Guardians,Peter Ramsey,Adventure|Animation|Family|Fantasy,97.0,2012.0,145000000.0,PG,7.3,103400692.0,Hugh Jackman,Kamil McFadden,0.0,0,0,0,0,0
34,Star Trek,J.J. Abrams,Action|Adventure|Sci-Fi,127.0,2009.0,150000000.0,PG-13,8.0,257704099.0,Chris Hemsworth,Leonard Nimoy,0.0,38,31,7,0,1
35,Spider-Man,Sam Raimi,Action|Adventure|Fantasy|Romance,121.0,2002.0,139000000.0,PG-13,7.3,403706375.0,J.K. Simmons,James Franco,0.0,1,0,1,0,1
36,How to Train Your Dragon 2,Dean DeBlois,Action|Adventure|Animation|Comedy|Family|Fantasy,102.0,2014.0,145000000.0,PG,7.9,176997107.0,Gerard Butler,Djimon Hounsou,5.0,0,0,0,0,0
37,Watchmen,Zack Snyder,Action|Drama|Mystery|Sci-Fi,215.0,2009.0,130000000.0,R,7.7,107503316.0,Matt Frewer,Billy Crudup,1.0,1,0,1,0,1
38,Lethal Weapon 4,Richard Donner,Action|Crime|Thriller,127.0,1998.0,140000000.0,R,6.6,129734803.0,Jet Li,Rene Russo,2.0,0,0,0,0,0
39,Kung Fu Panda,Mark Osborne,Action|Adventure|Animation|Comedy|Family,92.0,2008.0,130000000.0,PG,7.6,215395021.0,Angelina Jolie Pitt,Wayne Knight,0.0,0,0,0,0,0
40,War of the Worlds,Steven Spielberg,Adventure|Sci-Fi|Thriller,116.0,2005.0,132000000.0,PG-13,6.5,234277056.0,Tom Cruise,Lisa Ann Walter,0.0,2,0,2,0,1
41,Harry Potter and the Prisoner of Azkaban,Alfonso Cuarón,Adventure|Family|Fantasy|Mystery,142.0,2004.0,130000000.0,PG,7.8,249358727.0,Daniel Radcliffe,Gary Oldman,3.0,0,0,0,0,0
42,Megamind,Tom McGrath,Action|Animation|Comedy|Family|Sci-Fi,95.0,2010.0,130000000.0,PG,7.3,148337537.0,J.K. Simmons,Brad Pitt,3.0,1,0,1,0,1
43,Harry Potter and the Sorcerer's Stone,Chris Columbus,Adventure|Family|Fantasy,159.0,2001.0,125000000.0,PG,7.5,317557891.0,Daniel Radcliffe,Fiona Shaw,4.0,0,0,0,0,0
44,Clash of the Titans,Louis Leterrier,Action|Adventure|Fantasy,106.0,2010.0,125000000.0,PG-13,5.8,163192114.0,Liam Neeson,Jason Flemyng,0.0,0,0,0,0,0
45,Clash of the Titans,Louis Leterrier,Action|Adventure|Fantasy,106.0,2010.0,125000000.0,PG-13,5.8,163192114.0,Liam Neeson,Jason Flemyng,0.0,0,0,0,0,0
46,Total Recall,Paul Verhoeven,Action|Sci-Fi,113.0,1990.0,65000000.0,R,7.5,119412921.0,Ronny Cox,Rachel Ticotin,0.0,2,1,1,0,1
47,Total Recall,Paul Verhoeven,Action|Sci-Fi,113.0,1990.0,65000000.0,R,7.5,119412921.0,Ronny Cox,Rachel Ticotin,0.0,2,1,1,0,1
48,Life of Pi,Ang Lee,Adventure|Drama|Fantasy,127.0,2012.0,120000000.0,PG,8.0,124976634.0,Suraj Sharma,Rafe Spall,0.0,0,0,0,0,0
49,Ghost Rider,Mark Steven Johnson,Action|Fantasy|Thriller,123.0,2007.0,110000000.0,PG-13,5.2,115802596.0,Nicolas Cage,Matt Long,1.0,41,38,3,0,1
50,Prometheus,Ridley Scott,Adventure|Mystery|Sci-Fi,124.0,2012.0,130000000.0,R,7.0,126464904.0,Michael Fassbender,Charlize Theron,0.0,3,3,0,0,1
51,Speed Racer,Lana Wachowski,Action|Family|Sport,135.0,2008.0,120000000.0,PG,6.1,43929341.0,Scott Porter,Kick Gurry,0.0,0,0,0,0,0
52,Oblivion,Joseph Kosinski,Action|Adventure|Mystery|Sci-Fi,124.0,2013.0,120000000.0,PG-13,7.0,89021735.0,Morgan Freeman,Tom Cruise,0.0,0,0,0,0,0
53,Gravity,Alfonso Cuarón,Adventure|Drama|Sci-Fi|Thriller,91.0,2013.0,100000000.0,PG-13,7.8,274084951.0,Phaldut Sharma,Basher Savage,0.0,3,1,1,1,1
54,Fantastic Four,Josh Trank,Action|Adventure|Sci-Fi,100.0,2015.0,120000000.0,PG-13,4.3,56114221.0,Tim Blake Nelson,Reg E. Cathey,3.0,0,0,0,0,0
55,Fantastic Four,Josh Trank,Action|Adventure|Sci-Fi,100.0,2015.0,120000000.0,PG-13,4.3,56114221.0,Tim Blake Nelson,Reg E. Cathey,3.0,0,0,0,0,0
56,Tomorrow Never Dies,Roger Spottiswoode,Action|Adventure|Thriller,119.0,1997.0,110000000.0,PG-13,6.5,125332007.0,Vincent Schiavelli,Colin Salmon,3.0,0,0,0,0,0
57,Ocean's Twelve,Steven Soderbergh,Crime|Thriller,125.0,2004.0,110000000.0,PG-13,6.4,125531634.0,Brad Pitt,Julia Roberts,0.0,3,1,2,0,1
58,Ali,Michael Mann,Biography|Drama|Sport,165.0,2001.0,107000000.0,R,6.8,58183966.0,Will Smith,Jada Pinkett Smith,1.0,6,6,0,0,1
59,"I, Robot",Alex Proyas,Action|Mystery|Sci-Fi|Thriller,115.0,2004.0,120000000.0,PG-13,7.1,144795350.0,Will Smith,Bruce Greenwood,1.0,1,0,1,0,1
60,Gladiator,Ridley Scott,Action|Drama|Romance,171.0,2000.0,103000000.0,R,8.5,187670866.0,Djimon Hounsou,Connie Nielsen,0.0,0,0,0,0,0
61,Minority Report,Steven Spielberg,Action|Mystery|Sci-Fi|Thriller,145.0,2002.0,102000000.0,PG-13,7.7,132014112.0,Tom Cruise,Frank Grillo,0.0,10,9,1,0,1
62,Harry Potter and the Chamber of Secrets,Chris Columbus,Adventure|Family|Fantasy|Mystery,174.0,2002.0,100000000.0,PG,7.4,261970615.0,Daniel Radcliffe,Rupert Grint,1.0,0,0,0,0,0
63,Public Enemies,Michael Mann,Biography|Crime|Drama|History|Romance,140.0,2009.0,100000000.0,R,7.0,97030725.0,Johnny Depp,Christian Bale,1.0,3,2,1,0,1
64,American Gangster,Ridley Scott,Biography|Crime|Drama,176.0,2007.0,100000000.0,R,7.8,130127620.0,Denzel Washington,Ruby Dee,0.0,50,45,5,0,1
65,True Lies,James Cameron,Action|Comedy|Thriller,141.0,1994.0,115000000.0,R,7.2,146282411.0,Jamie Lee Curtis,Tia Carrere,0.0,8,2,2,4,1
66,Django Unchained,Quentin Tarantino,Drama|Western,165.0,2012.0,100000000.0,R,8.5,162804648.0,Leonardo DiCaprio,Christoph Waltz,1.0,33,19,11,3,1
67,Batman Forever,Joel Schumacher,Action|Adventure|Fantasy,121.0,1995.0,100000000.0,PG-13,5.4,184031112.0,Michael Gough,Rene Auberjonois,4.0,0,0,0,0,0
68,Starship Troopers,Paul Verhoeven,Action|Sci-Fi|War,129.0,1997.0,105000000.0,R,7.2,54700065.0,Jake Busey,Patrick Muldoon,0.0,1,0,0,1,1
69,Catwoman,Pitof,Action|Crime|Fantasy|Romance|Thriller,87.0,2004.0,100000000.0,PG-13,3.3,40198710.0,Frances Conroy,Christopher Heyerdahl,0.0,0,0,0,0,0
70,Point Break,Ericson Core,Action|Crime|Sport|Thriller,114.0,2015.0,105000000.0,PG-13,5.3,28772222.0,Ray Winstone,Edgar Ramírez,1.0,45,36,8,1,1
71,Point Break,Ericson Core,Action|Crime|Sport|Thriller,114.0,2015.0,105000000.0,PG-13,5.3,28772222.0,Ray Winstone,Edgar Ramírez,1.0,45,36,8,1,1
72,Gangs of New York,Martin Scorsese,Crime|Drama,216.0,2002.0,100000000.0,R,7.5,77679638.0,Leonardo DiCaprio,Liam Neeson,3.0,0,0,0,0,0
73,Finding Nemo,Andrew Stanton,Adventure|Animation|Comedy|Family,100.0,2003.0,94000000.0,G,8.2,380838870.0,Alexander Gould,Stephen Root,0.0,0,0,0,0,0
74,Jurassic Park III,Joe Johnston,Action|Adventure|Sci-Fi|Thriller,92.0,2001.0,93000000.0,PG-13,5.9,181166115.0,Michael Jeter,Trevor Morgan,0.0,0,0,0,0,0
75,Rise of the Planet of the Apes,Rupert Wyatt,Action|Drama|Sci-Fi|Thriller,105.0,2011.0,93000000.0,PG-13,7.6,176740650.0,James Franco,David Oyelowo,0.0,0,0,0,0,0
76,Men in Black,Barry Sonnenfeld,Adventure|Comedy|Family|Mystery|Sci-Fi,98.0,1997.0,90000000.0,PG-13,7.3,250147615.0,Will Smith,Rip Torn,0.0,5,0,5,0,1
77,Rush Hour 2,Brett Ratner,Action|Comedy|Crime|Thriller,90.0,2001.0,90000000.0,PG-13,6.6,226138454.0,Mei Melançon,John Lone,2.0,6,0,5,1,1
78,What Lies Beneath,Robert Zemeckis,Drama|Fantasy|Horror|Mystery|Thriller,130.0,2000.0,100000000.0,PG-13,6.6,155370362.0,Harrison Ford,Amber Valletta,0.0,5,5,0,0,1
79,Charlie's Angels,McG,Action|Adventure|Comedy|Crime|Thriller,94.0,2000.0,92000000.0,PG-13,5.5,125305545.0,Bill Murray,LL Cool J,0.0,3,2,1,0,1
80,Mulan,Tony Bancroft,Adventure|Animation|Family|Fantasy|Musical|War,88.0,1998.0,90000000.0,G,7.5,120618403.0,Ming-Na Wen,Harvey Fierstein,0.0,0,0,0,0,0
81,Tropic Thunder,Ben Stiller,Action|Comedy,121.0,2008.0,92000000.0,R,7.0,110416702.0,Robert Downey Jr.,Steve Coogan,3.0,24,17,6,1,1
82,Sherlock Holmes,Guy Ritchie,Action|Adventure|Crime|Mystery|Thriller,128.0,2009.0,90000000.0,PG-13,7.6,209019489.0,Robert Downey Jr.,Eddie Marsan,3.0,2,1,1,0,1
83,Valkyrie,Bryan Singer,Drama|History|Thriller|War,121.0,2008.0,75000000.0,PG-13,7.1,83077470.0,Tom Cruise,Tom Wilkinson,0.0,5,4,1,0,1
84,Contact,Robert Zemeckis,Drama|Mystery|Sci-Fi|Thriller,150.0,1997.0,90000000.0,PG,7.4,100853835.0,Matthew McConaughey,Tom Skerritt,2.0,0,0,0,0,0
85,Hollow Man,Paul Verhoeven,Action|Horror|Sci-Fi|Thriller,119.0,2000.0,95000000.0,R,5.7,73209340.0,Greg Grunberg,Kim Dickens,0.0,16,14,2,0,1
86,Mission to Mars,Brian De Palma,Adventure|Sci-Fi|Thriller,114.0,2000.0,90000000.0,PG,5.6,60874615.0,Don Cheadle,Connie Nielsen,0.0,1,0,1,0,1
87,Conan the Barbarian,John Milius,Adventure|Fantasy,129.0,1982.0,20000000.0,R,6.9,37567440.0,William Smith,Mako,0.0,0,0,0,0,0
88,Conan the Barbarian,John Milius,Adventure|Fantasy,129.0,1982.0,20000000.0,R,6.9,37567440.0,William Smith,Mako,0.0,0,0,0,0,0
89,Cast Away,Robert Zemeckis,Adventure|Drama|Romance,143.0,2000.0,90000000.0,PG-13,7.7,233630478.0,Tom Hanks,Paul Sanchez,1.0,17,16,0,1,1
90,Happy Feet,George Miller,Animation|Comedy|Family|Music|Romance,108.0,2006.0,100000000.0,PG,6.5,197992827.0,Robin Williams,Hugh Jackman,0.0,0,0,0,0,0
91,Air Force One,Wolfgang Petersen,Action|Adventure|Drama|Thriller,124.0,1997.0,85000000.0,R,6.4,172620724.0,Harrison Ford,Gary Oldman,1.0,10,9,1,0,1
92,Ocean's Eleven,Steven Soderbergh,Crime|Thriller,116.0,2001.0,85000000.0,PG-13,7.8,183405771.0,Brad Pitt,Bernie Mac,4.0,11,6,5,0,1
93,Enemy of the State,Tony Scott,Action|Crime|Drama|Mystery|Thriller,140.0,1998.0,90000000.0,R,7.3,111544445.0,Will Smith,Jake Busey,4.0,18,18,0,0,1
94,It's Complicated,Nancy Meyers,Comedy|Drama|Romance,120.0,2009.0,85000000.0,R,6.6,112703470.0,Meryl Streep,Hunter Parrish,2.0,1,0,0,1,1
95,Meet Joe Black,Martin Brest,Drama|Fantasy|Romance,178.0,1998.0,90000000.0,PG-13,7.1,44606335.0,Anthony Hopkins,Brad Pitt,0.0,3,3,0,0,1
96,Collateral Damage,Andrew Davis,Action|Drama|Thriller,108.0,2002.0,85000000.0,R,5.5,40048332.0,Raymond Cruz,Rick Worthy,1.0,17,11,5,1,1
97,Bruce Almighty,Tom Shadyac,Comedy|Drama,101.0,2003.0,81000000.0,PG-13,6.7,242589580.0,Morgan Freeman,Steve Carell,1.0,0,0,0,0,0
98,Batman Returns,Tim Burton,Action,126.0,1992.0,80000000.0,PG-13,7.0,162831698.0,Michael Gough,Vincent Schiavelli,0.0,0,0,0,0,0
99,Something's Gotta Give,Nancy Meyers,Comedy|Drama|Romance,128.0,2003.0,80000000.0,PG-13,6.7,124590960.0,Keanu Reeves,Jon Favreau,1.0,7,5,1,1,1
100,Eagle Eye,D.J. Caruso,Action|Mystery|Thriller,118.0,2008.0,80000000.0,PG-13,6.6,101111837.0,Rosario Dawson,Ethan Embry,3.0,22,17,5,0,1
101,Cold Mountain,Anthony Minghella,Adventure|Drama|History|Romance|War,154.0,2003.0,79000000.0,R,7.2,95632614.0,Philip Seymour Hoffman,Natalie Portman,3.0,5,1,4,0,1
102,Fury,David Ayer,Action|Drama|War,134.0,2014.0,68000000.0,R,7.6,85707116.0,Brad Pitt,Logan Lerman,4.0,0,0,0,0,0
103,Lost in Space,Stephen Hopkins,Action|Adventure|Family|Sci-Fi|Thriller,130.0,1998.0,80000000.0,PG-13,5.1,69102910.0,Gary Oldman,William Hurt,0.0,0,0,0,0,0
104,Mighty Joe Young,Ron Underwood,Action|Adventure|Family|Fantasy|Thriller,114.0,1998.0,90000000.0,PG,5.6,50628009.0,Charlize Theron,Mika Boorem,0.0,0,0,0,0,0
105,Swordfish,Dominic Sena,Action|Crime|Thriller,99.0,2001.0,80000000.0,R,6.5,69772969.0,Hugh Jackman,Don Cheadle,4.0,29,24,5,0,1
106,Little Nicky,Steven Brill,Comedy|Fantasy,90.0,2000.0,80000000.0,PG-13,5.3,39442871.0,Adam Sandler,Jon Lovitz,0.0,2,0,2,0,1
107,Surrogates,Jonathan Mostow,Action|Sci-Fi|Thriller,89.0,2009.0,80000000.0,PG-13,6.3,38542418.0,Bruce Willis,Devin Ratray,5.0,1,0,0,1,1
108,Thirteen Days,Roger Donaldson,Drama|History|Thriller,145.0,2000.0,80000000.0,PG-13,7.3,34566746.0,Bruce Greenwood,Jon Foster,1.0,11,7,4,0,1
109,Nine,Rob Marshall,Drama|Musical|Romance,118.0,2009.0,80000000.0,PG-13,5.8,19673424.0,Fergie,Elio Germano,4.0,0,0,0,0,0
110,Red Planet,Antony Hoffman,Action|Sci-Fi|Thriller,106.0,2000.0,70000000.0,PG-13,5.7,17473245.0,Bob Neill,Val Kilmer,1.0,25,22,2,1,1
111,Despicable Me 2,Pierre Coffin,Animation|Comedy|Family|Sci-Fi,98.0,2013.0,76000000.0,PG,7.5,368049635.0,Steve Carell,Miranda Cosgrove,0.0,0,0,0,0,0
112,Independence Day,Roland Emmerich,Action|Adventure|Sci-Fi,154.0,1996.0,75000000.0,PG-13,6.9,306124059.0,Will Smith,Adam Baldwin,0.0,2,2,0,0,1
113,X-Men,Bryan Singer,Action|Adventure|Sci-Fi,104.0,2000.0,75000000.0,PG-13,7.4,157299717.0,Hugh Jackman,Tyler Mane,0.0,0,0,0,0,0
114,Wanted,Timur Bekmambetov,Action|Crime|Fantasy|Thriller,110.0,2008.0,75000000.0,R,6.7,134568845.0,Angelina Jolie Pitt,Morgan Freeman,0.0,26,18,6,2,1
115,Spanglish,James L. Brooks,Comedy|Drama|Romance,131.0,2004.0,80000000.0,PG-13,6.5,42044321.0,Adam Sandler,Paz Vega,2.0,1,1,0,0,1
116,Hostage,Florent-Emilio Siri,Action|Crime|Drama|Mystery|Thriller,113.0,2005.0,52000000.0,R,6.6,34636443.0,Jimmy Bennett,Bruce Willis,0.0,42,33,8,1,1
117,Soldier,Paul W.S. Anderson,Action|Drama|Sci-Fi,99.0,1998.0,75000000.0,R,6.0,14567883.0,Connie Nielsen,Sean Pertwee,1.0,7,4,3,0,1
118,Monkeybone,Henry Selick,Animation|Comedy|Fantasy,93.0,2001.0,75000000.0,PG-13,4.7,5409517.0,Brendan Fraser,Bridget Fonda,0.0,0,0,0,0,0
119,Unbreakable,M. Night Shyamalan,Drama|Mystery|Sci-Fi|Thriller,106.0,2000.0,75000000.0,PG-13,7.2,94999143.0,Robin Wright,Bruce Willis,0.0,2,1,1,0,1
120,Sphere,Barry Levinson,Drama|Mystery|Sci-Fi|Thriller,134.0,1998.0,75000000.0,PG-13,6.0,36976367.0,Peter Coyote,James Pickens Jr.,3.0,20,17,3,0,1
121,Funny People,Judd Apatow,Comedy|Drama,153.0,2009.0,75000000.0,R,6.4,51814190.0,Adam Sandler,RZA,1.0,105,81,22,2,1
122,Braveheart,Mel Gibson,Biography|Drama|History|War,178.0,1995.0,72000000.0,R,8.4,75600000.0,Mhairi Calvey,Patrick McGoohan,1.0,0,0,0,0,0
123,Signs,M. Night Shyamalan,Drama|Sci-Fi|Thriller,106.0,2002.0,72000000.0,PG-13,6.7,227965690.0,Rory Culkin,Merritt Wever,0.0,0,0,0,0,0
124,Runaway Bride,Garry Marshall,Comedy|Romance,116.0,1999.0,70000000.0,PG,5.5,152149590.0,Julia Roberts,Christopher Meloni,2.0,0,0,0,0,0
125,xXx,Rob Cohen,Action|Adventure|Thriller,132.0,2002.0,70000000.0,PG-13,5.8,141204016.0,Vin Diesel,Eve,0.0,4,0,2,2,1
126,Inglourious Basterds,Quentin Tarantino,Adventure|Drama|War,153.0,2009.0,75000000.0,R,8.3,120523073.0,Michael Fassbender,Brad Pitt,1.0,28,26,1,1,1
127,Die Hard 2,Renny Harlin,Action|Thriller,124.0,1990.0,70000000.0,R,7.1,117541000.0,Bruce Willis,John Amos,0.0,45,38,7,0,1
128,Vanilla Sky,Cameron Crowe,Fantasy|Mystery|Romance|Sci-Fi|Thriller,141.0,2001.0,68000000.0,R,6.9,100614858.0,Tom Cruise,Ivana Milicevic,1.0,28,25,3,0,1
129,Big Fish,Tim Burton,Adventure|Drama|Fantasy,125.0,2003.0,70000000.0,PG-13,8.0,66257002.0,Steve Buscemi,Alison Lohman,0.0,3,0,3,0,1
130,War Horse,Steven Spielberg,Drama|War,146.0,2011.0,66000000.0,PG-13,7.2,79883359.0,Jeremy Irvine,Benedict Cumberbatch,1.0,0,0,0,0,0
131,Wall Street: Money Never Sleeps,Oliver Stone,Drama,136.0,2010.0,70000000.0,PG-13,6.3,52474616.0,Frank Langella,Austin Pendleton,2.0,0,0,0,0,0
132,Hard Rain,Mikael Salomon,Action|Crime|Drama|Thriller,97.0,1998.0,70000000.0,R,5.8,19819494.0,Morgan Freeman,Minnie Driver,0.0,4,2,2,0,1
133,Mystery Men,Kinka Usher,Action|Comedy|Fantasy|Sci-Fi,121.0,1999.0,65000000.0,PG-13,6.0,29655590.0,Janeane Garofalo,Wes Studi,4.0,0,0,0,0,0
134,Hall Pass,Bobby Farrelly,Comedy|Romance,111.0,2011.0,36000000.0,R,5.9,45045037.0,Jenna Fischer,Larry Joe Campbell,3.0,2,1,1,0,1
135,Entrapment,Jon Amiel,Action|Crime|Romance|Thriller,113.0,1999.0,66000000.0,PG-13,6.2,87704396.0,Will Patton,Kevin McNally,1.0,21,17,3,1,1
136,Saving Private Ryan,Steven Spielberg,Action|Drama|War,169.0,1998.0,70000000.0,R,8.6,216119491.0,Tom Hanks,Vin Diesel,2.0,23,20,3,0,1
137,Lincoln,Steven Spielberg,Biography|Drama|History|War,150.0,2012.0,65000000.0,PG-13,7.4,182204440.0,Joseph Gordon-Levitt,Hal Holbrook,0.0,3,0,3,0,1
138,Apollo 13,Ron Howard,Adventure|Drama|History,140.0,1995.0,62000000.0,PG,7.6,172071312.0,Tom Hanks,Miko Hughes,0.0,0,0,0,0,0
139,You've Got Mail,Nora Ephron,Comedy|Drama|Romance,119.0,1998.0,65000000.0,PG,6.5,115731542.0,Tom Hanks,Jean Stapleton,2.0,4,4,0,0,1
140,Cliffhanger,Renny Harlin,Action|Adventure|Thriller,124.0,1993.0,70000000.0,R,6.4,84049211.0,Sylvester Stallone,Leon,1.0,23,19,2,2,1
141,Broken Arrow,John Woo,Action|Crime|Thriller,108.0,1996.0,50000000.0,R,6.0,70450000.0,Delroy Lindo,Samantha Mathis,2.0,2,2,0,0,1
142,Eyes Wide Shut,Stanley Kubrick,Drama|Mystery|Thriller,159.0,1999.0,65000000.0,R,7.3,55637680.0,Tom Cruise,Vinessa Shaw,1.0,0,0,0,0,0
143,Blade: Trinity,David S. Goyer,Action|Adventure|Fantasy|Horror|Sci-Fi|Thriller,122.0,2004.0,65000000.0,R,5.9,52397389.0,Ryan Reynolds,Natasha Lyonne,0.0,0,0,0,0,0
144,Fight Club,David Fincher,Drama,151.0,1999.0,63000000.0,R,8.8,37023395.0,Brad Pitt,Meat Loaf,2.0,40,31,7,2,1
145,Hudson Hawk,Michael Lehmann,Action|Adventure|Comedy,100.0,1991.0,70000000.0,R,5.7,17218080.0,Bruce Willis,James Coburn,0.0,16,11,4,1,1
146,Jurassic Park,Steven Spielberg,Adventure|Sci-Fi|Thriller,127.0,1993.0,63000000.0,PG-13,8.1,356784000.0,Wayne Knight,Ariana Richards,0.0,0,0,0,0,0
147,Marley & Me,David Frankel,Comedy|Drama|Family,115.0,2008.0,60000000.0,PG,7.1,143151473.0,Eric Dane,Kathleen Turner,0.0,0,0,0,0,0
148,Wild Hogs,Walt Becker,Action|Adventure|Comedy,100.0,2007.0,,PG-13,5.9,168213584.0,Jill Hennessy,Tichina Arnold,3.0,5,0,3,2,1
149,Antz,Eric Darnell,Adventure|Animation|Comedy|Family,83.0,1998.0,105000000.0,PG,6.6,90646554.0,Sylvester Stallone,Woody Allen,0.0,0,0,0,0,0
150,Collateral,Michael Mann,Crime|Drama|Thriller,120.0,2004.0,65000000.0,R,7.6,100003492.0,Tom Cruise,Jada Pinkett Smith,0.0,0,0,0,0,0
151,Coraline,Henry Selick,Animation|Family|Fantasy,100.0,2009.0,60000000.0,PG,7.7,75280058.0,Jennifer Saunders,Dawn French,1.0,0,0,0,0,0
152,Hellboy,Guillermo del Toro,Action|Fantasy|Horror|Sci-Fi,132.0,2004.0,66000000.0,PG-13,6.8,59035104.0,James Babson,Rupert Evans,1.0,0,0,0,0,0
153,ParaNorman,Chris Butler,Adventure|Animation|Comedy|Family|Fantasy,92.0,2012.0,60000000.0,PG,7.0,55994557.0,Anna Kendrick,Kodi Smit-McPhee,0.0,0,0,0,0,0
154,Alien: Resurrection,Jean-Pierre Jeunet,Action|Horror|Sci-Fi,116.0,1997.0,75000000.0,R,6.3,47748610.0,Gary Dourdan,Michael Wincott,0.0,0,0,0,0,0
155,Year One,Harold Ramis,Adventure|Comedy,100.0,2009.0,60000000.0,PG-13,4.9,43337279.0,Olivia Wilde,Oliver Platt,2.0,2,1,1,0,1
156,Invictus,Clint Eastwood,Biography|Drama|History|Sport,134.0,2009.0,60000000.0,PG-13,7.4,37479778.0,Matt Damon,Morgan Freeman,1.0,0,0,0,0,0
157,Star Trek: Nemesis,Stuart Baird,Action|Adventure|Sci-Fi|Thriller,116.0,2002.0,60000000.0,PG-13,6.4,43119879.0,Tom Hardy,LeVar Burton,0.0,0,0,0,0,0
158,Intolerable Cruelty,Joel Coen,Comedy|Crime|Romance,100.0,2003.0,60000000.0,PG-13,6.3,35096190.0,Cedric the Entertainer,Paul Adelstein,1.0,4,1,2,1,1
159,Analyze That,Harold Ramis,Comedy|Crime,96.0,2002.0,60000000.0,R,5.9,32122249.0,Robert De Niro,Cathy Moriarty,1.0,34,23,10,1,1
160,Almost Famous,Cameron Crowe,Adventure|Comedy|Drama|Music,152.0,2000.0,60000000.0,R,7.9,32522352.0,Philip Seymour Hoffman,Zooey Deschanel,1.0,24,21,2,1,1
161,Priest,Scott Stewart,Action|Fantasy|Horror|Sci-Fi|Thriller,87.0,2011.0,60000000.0,PG-13,5.7,29136626.0,Josh Wingate,Alan Dale,0.0,1,0,1,0,1
162,Event Horizon,Paul W.S. Anderson,Horror|Sci-Fi|Thriller,130.0,1997.0,60000000.0,R,6.7,26616590.0,Sean Pertwee,Joely Richardson,0.0,9,8,1,0,1
163,Deadpool,Tim Miller,Action|Adventure|Comedy|Romance|Sci-Fi,108.0,2016.0,58000000.0,R,8.1,363024263.0,Ryan Reynolds,Ed Skrein,0.0,19,15,4,0,1
164,American Sniper,Clint Eastwood,Action|Biography|Drama|History|Thriller|War,133.0,2014.0,58800000.0,R,7.3,350123553.0,Bradley Cooper,Leonard Roberts,0.0,44,28,15,1,1
165,Walking Tall,Kevin Bray,Action|Crime,86.0,2004.0,56000000.0,PG-13,6.2,45860039.0,Dwayne Johnson,Ashley Scott,1.0,1,1,0,0,1
166,Forrest Gump,Robert Zemeckis,Comedy|Drama,142.0,1994.0,55000000.0,PG-13,8.8,329691196.0,Tom Hanks,Siobhan Fallon Hogan,0.0,6,3,2,1,1
167,Date Night,Shawn Levy,Comedy|Crime|Romance|Thriller,101.0,2010.0,55000000.0,PG-13,6.3,98711404.0,Mila Kunis,James Franco,2.0,2,1,1,0,1
168,Executive Decision,Stuart Baird,Action|Adventure|Thriller,133.0,1996.0,55000000.0,R,6.4,68750000.0,Oliver Platt,Joe Morton,0.0,0,0,0,0,0
169,Alien 3,David Fincher,Action|Horror|Sci-Fi,145.0,1992.0,50000000.0,R,6.4,55473600.0,Charles S. Dutton,Holt McCallany,0.0,4,4,0,0,1
170,Ronin,John Frankenheimer,Action|Adventure|Crime|Thriller,122.0,1998.0,55000000.0,R,7.3,41609593.0,Robert De Niro,Natascha McElhone,2.0,35,29,5,1,1
171,Semi-Pro,Kent Alterman,Comedy|Sport,99.0,2008.0,55000000.0,R,5.8,33472850.0,Will Ferrell,Maura Tierney,3.0,29,17,12,0,1
172,Changeling,Clint Eastwood,Crime|Drama|Mystery|Thriller,141.0,2008.0,55000000.0,R,7.8,35707327.0,Angelina Jolie Pitt,Michael Kelly,0.0,4,4,0,0,1
173,Elizabeth: The Golden Age,Shekhar Kapur,Biography|Drama|History|War,114.0,2007.0,55000000.0,PG-13,6.9,16264475.0,Eddie Redmayne,Abbie Cornish,1.0,0,0,0,0,0
174,Thunderbirds,Jonathan Frakes,Action|Adventure|Comedy|Family|Sci-Fi,95.0,2004.0,57000000.0,PG,4.2,6768055.0,Sophia Myles,Philip Winchester,0.0,0,0,0,0,0
175,Burlesque,Steve Antin,Drama|Music|Musical|Romance,119.0,2010.0,55000000.0,PG-13,6.4,39440655.0,Eric Dane,Peter Gallagher,1.0,5,0,3,2,1
176,Blade II,Guillermo del Toro,Action|Horror|Sci-Fi|Thriller,117.0,2002.0,54000000.0,R,6.7,81645152.0,Norman Reedus,Thomas Kretschmann,1.0,32,30,2,0,1
177,All the King's Men,Steven Zaillian,Drama|Thriller,128.0,2006.0,55000000.0,PG-13,6.2,7221458.0,Kate Winslet,Anthony Hopkins,0.0,0,0,0,0,0
178,Anastasia,Don Bluth,Adventure|Animation|Drama|Family|Fantasy|Musical|Mystery|Romance,94.0,1997.0,50000000.0,G,7.1,58297830.0,Kirsten Dunst,Kelsey Grammer,1.0,0,0,0,0,0
179,Law Abiding Citizen,F. Gary Gray,Crime|Drama|Thriller,118.0,2009.0,50000000.0,R,7.4,73343413.0,Gerard Butler,Leslie Bibb,0.0,47,30,16,1,1
180,Beloved,Jonathan Demme,Drama|History|Horror,172.0,1998.0,55000000.0,R,5.9,22843047.0,Oprah Winfrey,Kimberly Elise,1.0,2,0,1,1,1
181,Catch Me If You Can,Steven Spielberg,Biography|Crime|Drama,141.0,2002.0,52000000.0,PG-13,8.0,164435221.0,Leonardo DiCaprio,Tom Hanks,0.0,11,7,2,2,1
182,Zero Dark Thirty,Kathryn Bigelow,Drama|History|Thriller,157.0,2012.0,40000000.0,R,7.4,95720716.0,Jennifer Ehle,Harold Perrineau,0.0,38,35,2,1,1
183,Valentine's Day,Garry Marshall,Comedy|Romance,125.0,2010.0,52000000.0,PG-13,5.7,110476776.0,Bradley Cooper,Taylor Lautner,12.0,0,0,0,0,0
184,Man on the Moon,Milos Forman,Biography|Comedy|Drama,118.0,1999.0,52000000.0,R,7.4,34580635.0,Matt Price,Gerry Becker,1.0,12,12,0,0,1
185,Casino,Martin Scorsese,Biography|Crime|Drama,178.0,1995.0,52000000.0,R,8.2,42438300.0,Robert De Niro,Don Rickles,2.0,117,108,9,0,1
186,Shrek,Andrew Adamson,Adventure|Animation|Comedy|Family|Fantasy,90.0,2001.0,60000000.0,PG,7.9,267652016.0,Kathleen Freeman,Chris Miller,1.0,0,0,0,0,0
187,Robin Hood: Prince of Thieves,Kevin Reynolds,Action|Adventure|Drama|Romance,155.0,1991.0,48000000.0,PG-13,6.9,165500000.0,Alan Rickman,Morgan Freeman,0.0,0,0,0,0,0
188,Jerry Maguire,Cameron Crowe,Comedy|Drama|Romance|Sport,139.0,1996.0,50000000.0,R,7.3,153620822.0,Tom Cruise,Kelly Preston,0.0,14,10,4,0,1
189,Ted,Seth MacFarlane,Comedy|Fantasy,112.0,2012.0,50000000.0,R,7.0,218628680.0,Mila Kunis,Seth MacFarlane,1.0,65,46,19,0,1
190,Super 8,J.J. Abrams,Mystery|Sci-Fi|Thriller,112.0,2011.0,50000000.0,PG-13,7.1,126975169.0,Joel Courtney,AJ Michalka,0.0,14,8,6,0,1
191,Erin Brockovich,Steven Soderbergh,Biography|Drama,131.0,2000.0,52000000.0,R,7.3,125548685.0,Julia Roberts,Albert Finney,0.0,44,27,13,4,1
192,Yes Man,Peyton Reed,Comedy|Romance,104.0,2008.0,70000000.0,PG-13,6.8,97680195.0,Bradley Cooper,Zooey Deschanel,1.0,4,1,3,0,1
193,Stepmom,Chris Columbus,Comedy|Drama,124.0,1998.0,50000000.0,PG-13,6.7,91030827.0,Julia Roberts,Liam Aiken,2.0,16,12,3,1,1
194,Into the Woods,Rob Marshall,Adventure|Comedy|Drama|Fantasy|Musical,125.0,2014.0,50000000.0,PG,6.0,127997349.0,Johnny Depp,Meryl Streep,1.0,0,0,0,0,0
195,Moneyball,Bennett Miller,Biography|Drama|Sport,133.0,2011.0,50000000.0,PG-13,7.6,75605492.0,Philip Seymour Hoffman,Robin Wright,1.0,11,7,4,0,1
196,Outbreak,Wolfgang Petersen,Action|Drama|Thriller,127.0,1995.0,50000000.0,R,6.6,67823573.0,Kevin Spacey,Morgan Freeman,3.0,0,0,0,0,0
197,V for Vendetta,James McTeigue,Action|Drama|Thriller,132.0,2005.0,54000000.0,R,8.2,70496802.0,Natalie Portman,Eddie Marsan,1.0,7,6,1,0,1
198,I Am Number Four,D.J. Caruso,Action|Adventure|Sci-Fi|Thriller,109.0,2011.0,60000000.0,PG-13,6.1,55092830.0,Alex Pettyfer,Emily Wickersham,1.0,0,0,0,0,0
199,Syriana,Stephen Gaghan,Drama|Thriller,128.0,2005.0,50000000.0,R,7.0,50815288.0,Matt Damon,Amr Waked,0.0,16,14,2,0,1
200,Syriana,Stephen Gaghan,Drama|Thriller,128.0,2005.0,50000000.0,R,7.0,50815288.0,Matt Damon,Amr Waked,0.0,16,14,2,0,1
201,Absolute Power,Clint Eastwood,Action|Crime|Drama|Thriller,121.0,1997.0,50000000.0,R,6.7,50007168.0,Clint Eastwood,Mark Margolis,0.0,11,8,2,1,1
202,G.I. Jane,Ridley Scott,Action|Drama|War,125.0,1997.0,50000000.0,R,5.8,48154732.0,Viggo Mortensen,Demi Moore,1.0,15,8,6,1,1
203,Ninja Assassin,James McTeigue,Action|Crime|Thriller,99.0,2009.0,40000000.0,R,6.4,38105077.0,Shô Kosugi,Ben Miles,0.0,14,14,0,0,1
204,Assassins,Richard Donner,Action|Crime|Thriller,132.0,1995.0,50000000.0,R,6.3,30306268.0,Muse Watson,Sylvester Stallone,0.0,59,54,4,1,1
205,Basic,John McTiernan,Action|Crime|Drama|Mystery|Thriller,98.0,2003.0,50000000.0,R,6.5,26536120.0,Connie Nielsen,Harry Connick Jr.,0.0,51,41,9,1,1
206,Eastern Promises,David Cronenberg,Crime|Mystery|Thriller,96.0,2007.0,25000000.0,R,7.7,17114882.0,Viggo Mortensen,Naomi Watts,1.0,32,29,0,3,1
207,Fair Game,Doug Liman,Biography|Drama|Thriller,108.0,2010.0,22000000.0,PG-13,6.8,9528092.0,Naomi Watts,Ty Burrell,2.0,20,18,1,1,1
208,Jade,William Friedkin,Crime|Drama|Thriller,107.0,1995.0,50000000.0,R,5.1,9795017.0,Michael Biehn,Chazz Palminteri,0.0,0,0,0,0,0
209,Gamer,Mark Neveldine,Action|Sci-Fi|Thriller,95.0,2009.0,50000000.0,R,5.8,20488579.0,Gerard Butler,Logan Lerman,1.0,39,28,10,1,1
210,Death to Smoochy,Danny DeVito,Comedy|Crime|Drama|Thriller,109.0,2002.0,55000000.0,R,6.4,8355815.0,Robin Williams,Vincent Schiavelli,2.0,34,32,2,0,1
211,Drive Angry,Patrick Lussier,Action|Fantasy|Thriller,104.0,2011.0,50000000.0,R,5.5,10706786.0,Nicolas Cage,Billy Burke,1.0,53,44,4,5,1
212,Traffic,Steven Soderbergh,Crime|Drama|Thriller,190.0,2000.0,48000000.0,R,7.6,124107476.0,Michael O'Neill,Jacob Vargas,0.0,45,38,7,0,1
213,Indiana Jones and the Last Crusade,Steven Spielberg,Action|Adventure|Fantasy,127.0,1989.0,48000000.0,PG-13,8.3,197171806.0,Harrison Ford,Julian Glover,5.0,0,0,0,0,0
214,Anna Karenina,Joe Wright,Drama|Romance,129.0,2012.0,,R,6.6,12802907.0,Kelly Macdonald,Guro Nagelhus Schia,1.0,0,0,0,0,0
215,Panic Room,David Fincher,Crime|Drama|Thriller,112.0,2002.0,48000000.0,R,6.8,95308367.0,Kristen Stewart,Dwight Yoakam,0.0,27,23,4,0,1
216,Three Kings,David O. Russell,Action|Adventure|Comedy|Drama|War,114.0,1999.0,48000000.0,R,7.1,60652036.0,Judy Greer,Jamie Kennedy,1.0,57,49,8,0,1
217,Kate & Leopold,James Mangold,Comedy|Fantasy|Romance,123.0,2001.0,48000000.0,PG-13,6.4,47095453.0,Hugh Jackman,Natasha Lyonne,1.0,0,0,0,0,0
218,Out of Sight,Steven Soderbergh,Crime|Drama|Romance|Thriller,123.0,1998.0,48000000.0,R,7.0,37339525.0,Don Cheadle,Albert Brooks,1.0,45,29,16,0,1
219,Solaris,Andrei Tarkovsky,Drama|Mystery|Sci-Fi,115.0,1972.0,1000000.0,PG,8.1,,Donatas Banionis,Anatoliy Solonitsyn,0.0,11,10,1,0,1
220,My Best Friend's Wedding,P.J. Hogan,Comedy|Romance,105.0,1997.0,46000000.0,PG-13,6.3,126805112.0,Julia Roberts,Christopher Masterson,1.0,17,9,7,1,1
221,Insomnia,Christopher Nolan,Drama|Mystery|Thriller,118.0,2002.0,46000000.0,R,7.2,67263182.0,Al Pacino,Maura Tierney,0.0,15,12,2,1,1
222,Star Trek: First Contact,Jonathan Frakes,Action|Adventure|Drama|Sci-Fi|Thriller,111.0,1996.0,45000000.0,PG-13,7.6,92001027.0,LeVar Burton,Alfre Woodard,2.0,0,0,0,0,0
223,Courage Under Fire,Edward Zwick,Action|Drama|Mystery|Thriller|War,116.0,1996.0,46000000.0,R,6.6,58918501.0,Denzel Washington,Matt Damon,1.0,0,0,0,0,0
224,Liar Liar,Tom Shadyac,Comedy|Fantasy|Romance,86.0,1997.0,45000000.0,PG-13,6.8,181395380.0,Maura Tierney,Swoosie Kurtz,1.0,2,1,0,1,1
225,Training Day,Antoine Fuqua,Crime|Drama|Thriller,122.0,2001.0,45000000.0,R,7.7,76261036.0,Denzel Washington,Snoop Dogg,2.0,104,62,37,5,1
226,Scary Movie 2,Keenen Ivory Wayans,Comedy,83.0,2001.0,45000000.0,R,5.2,71277420.0,Natasha Lyonne,Veronica Cartwright,7.0,0,0,0,0,0
227,Blade,Stephen Norrington,Action|Horror,110.0,1998.0,45000000.0,R,7.1,70001065.0,Sanaa Lathan,Traci Lords,1.0,12,8,4,0,1
228,Tin Cup,Ron Shelton,Comedy|Drama|Romance|Sport,135.0,1996.0,45000000.0,R,6.3,53854588.0,Don Johnson,Cheech Marin,0.0,14,10,4,0,1
229,Cellular,David R. Ellis,Action|Crime|Thriller,94.0,2004.0,25000000.0,PG-13,6.5,32003620.0,Richard Burgi,Valerie Cruz,1.0,10,1,8,1,1
230,Dune,David Lynch,Action|Adventure|Sci-Fi,177.0,1984.0,40000000.0,PG-13,6.6,27400000.0,Virginia Madsen,Jürgen Prochnow,3.0,0,0,0,0,0
231,Revolutionary Road,Sam Mendes,Drama|Romance,119.0,2008.0,35000000.0,R,7.3,22877808.0,Leonardo DiCaprio,Kate Winslet,0.0,11,11,0,0,1
232,Deep Rising,Stephen Sommers,Action|Adventure|Horror|Sci-Fi,106.0,1998.0,45000000.0,R,6.0,11146409.0,Djimon Hounsou,Jason Flemyng,0.0,22,3,18,1,1
233,Argo,Ben Affleck,Biography|Drama|History|Thriller,130.0,2012.0,44500000.0,R,7.7,136019448.0,Clea DuVall,Scoot McNairy,1.0,22,22,0,0,1
234,Notting Hill,Roger Michell,Comedy|Drama|Romance,124.0,1999.0,42000000.0,PG-13,7.0,116006080.0,Julia Roberts,Clarke Peters,1.0,2,0,2,0,1
235,Red Riding Hood,Catherine Hardwicke,Fantasy|Horror|Mystery|Thriller,100.0,2011.0,42000000.0,PG-13,5.4,37652565.0,Gary Oldman,Billy Burke,2.0,0,0,0,0,0
236,15 Minutes,John Herzfeld,Action|Crime|Drama|Thriller,120.0,2001.0,42000000.0,R,6.1,24375436.0,Robert De Niro,Charlize Theron,1.0,17,13,4,0,1
237,Lord of War,Andrew Niccol,Crime|Drama|Thriller,122.0,2005.0,50000000.0,R,7.6,24127895.0,Nicolas Cage,Jeremy Crutchley,2.0,39,39,0,0,1
238,8 Mile,Curtis Hanson,Drama|Music,110.0,2002.0,41000000.0,R,7.0,116724075.0,Mekhi Phifer,Omar Benson Miller,0.0,0,0,0,0,0
239,American Hustle,David O. Russell,Crime|Drama,138.0,2013.0,40000000.0,R,7.3,150117807.0,Jennifer Lawrence,Christian Bale,5.0,90,84,5,1,1
240,He's Just Not That Into You,Ken Kwapis,Comedy|Drama|Romance,129.0,2009.0,40000000.0,PG-13,6.4,93952276.0,Carmen Perez,Sabrina Revelle,7.0,7,1,6,0,1
241,Scream 3,Wes Craven,Horror|Mystery,116.0,2000.0,40000000.0,R,5.5,89138076.0,Kelly Rutherford,Roger Jackson,4.0,38,25,13,0,1
242,42,Brian Helgeland,Biography|Drama|Sport,128.0,2013.0,40000000.0,PG-13,7.5,95001343.0,Harrison Ford,Christopher Meloni,0.0,2,0,1,1,1
243,JFK,Oliver Stone,Drama|History|Thriller,206.0,1991.0,40000000.0,R,8.0,70405498.0,Sally Kirkland,Jay O. Sanders,1.0,27,19,8,0,1
244,17 Again,Burr Steers,Comedy|Drama|Family|Fantasy|Romance,102.0,2009.0,20000000.0,PG-13,6.4,64149837.0,Matthew Perry,Hunter Parrish,1.0,0,0,0,0,0
245,Unknown,Jaume Collet-Serra,Action|Mystery|Thriller,113.0,2011.0,30000000.0,PG-13,6.9,61094903.0,Liam Neeson,Frank Langella,3.0,3,1,1,1,1
246,Unknown,Jaume Collet-Serra,Action|Mystery|Thriller,113.0,2011.0,30000000.0,PG-13,6.9,61094903.0,Liam Neeson,Frank Langella,3.0,3,1,1,1,1
247,Gothika,Mathieu Kassovitz,Horror|Mystery|Thriller,98.0,2003.0,40000000.0,R,5.8,59588068.0,Robert Downey Jr.,Charles S. Dutton,1.0,13,10,2,1,1
248,Autumn in New York,Joan Chen,Drama|Romance,103.0,2000.0,40000000.0,PG-13,5.5,37752931.0,J.K. Simmons,Sam Trammell,2.0,2,1,1,0,1
249,Paul,Greg Mottola,Adventure|Comedy|Sci-Fi,109.0,2011.0,40000000.0,R,7.0,37371385.0,Bobby Lee,Nelson Ascencio,0.0,20,17,3,0,1
250,8MM,Joel Schumacher,Mystery|Thriller,123.0,1999.0,40000000.0,R,6.5,36283504.0,Nicolas Cage,Chris Bauer,1.0,35,33,2,0,1
251,Mean Streets,Martin Scorsese,Crime|Drama|Romance|Thriller,112.0,1973.0,500000.0,R,7.4,32645.0,Robert De Niro,David Carradine,0.0,6,4,2,0,1
252,Colombiana,Olivier Megaton,Action|Crime|Drama|Thriller,112.0,2011.0,40000000.0,PG-13,6.4,36665854.0,Jordi Mollà,Callum Blue,0.0,10,6,2,2,1
253,At First Sight,Irwin Winkler,Drama|Romance,128.0,1999.0,60000000.0,PG-13,5.9,22326247.0,Mira Sorvino,Nathan Lane,1.0,5,2,3,0,1
254,Get Carter,Stephen Kay,Action|Crime|Drama|Thriller,102.0,2000.0,40000000.0,R,5.1,14967182.0,Sylvester Stallone,Miranda Richardson,1.0,4,1,3,0,1
255,New York Minute,Dennie Gordon,Comedy|Crime|Family|Romance,91.0,2004.0,30000000.0,PG,4.8,14018364.0,Mary-Kate Olsen,Bob Saget,1.0,1,0,1,0,1
256,Cirque du Freak: The Vampire's Assistant,Paul Weitz,Action|Adventure|Fantasy|Thriller,109.0,2009.0,40000000.0,PG-13,5.9,13838130.0,Josh Hutcherson,Salma Hayek,3.0,0,0,0,0,0
257,Pandorum,Christian Alvart,Action|Horror|Mystery|Sci-Fi|Thriller,108.0,2009.0,33000000.0,R,6.8,10326062.0,Norman Reedus,Dennis Quaid,0.0,23,22,1,0,1
258,Disturbia,D.J. Caruso,Drama|Mystery|Thriller,105.0,2007.0,20000000.0,PG-13,6.9,80050171.0,Sarah Roemer,Aaron Yoo,0.0,14,2,11,1,1
259,Disturbia,D.J. Caruso,Drama|Mystery|Thriller,105.0,2007.0,20000000.0,PG-13,6.9,80050171.0,Sarah Roemer,Aaron Yoo,0.0,14,2,11,1,1
260,Hackers,Iain Softley,Comedy|Crime|Drama|Thriller,107.0,1995.0,20000000.0,PG-13,6.2,7564000.0,Angelina Jolie Pitt,Fisher Stevens,1.0,8,1,7,0,1
261,Frankenweenie,Tim Burton,Animation|Comedy|Family|Horror|Sci-Fi,87.0,2012.0,39000000.0,PG,7.0,35287788.0,Martin Landau,Catherine O'Hara,0.0,0,0,0,0,0
262,Serenity,Joss Whedon,Action|Adventure|Sci-Fi|Thriller,119.0,2005.0,40000000.0,PG-13,8.0,25335935.0,Adam Baldwin,Sean Maher,0.0,1,1,0,0,1
263,Star Trek: Generations,David Carson,Action|Adventure|Mystery|Sci-Fi|Thriller,118.0,1994.0,35000000.0,PG,6.6,75668868.0,LeVar Burton,Alan Ruck,0.0,0,0,0,0,0
264,Water for Elephants,Francis Lawrence,Drama|Romance,120.0,2011.0,38000000.0,PG-13,6.9,58700247.0,Robert Pattinson,Christoph Waltz,1.0,2,0,2,0,1
265,Enough,Michael Apted,Crime|Drama|Thriller,115.0,2002.0,38000000.0,PG-13,5.6,39177215.0,Bill Cobbs,Jeff Kober,1.0,3,3,0,0,1
266,Angel Eyes,Luis Mandoki,Drama|Romance,102.0,2001.0,38000000.0,R,5.6,24044532.0,Sonia Braga,Shirley Knight,0.0,2,1,1,0,1
267,Precious,Lee Daniels,Drama,109.0,2009.0,10000000.0,R,7.3,47536959.0,Mo'Nique,Gabourey Sidibe,0.0,23,6,9,8,1
268,Precious,Lee Daniels,Drama,109.0,2009.0,10000000.0,R,7.3,47536959.0,Mo'Nique,Gabourey Sidibe,0.0,23,6,9,8,1
269,White Squall,Ridley Scott,Adventure|Drama,129.0,1996.0,38000000.0,PG-13,6.6,10300000.0,Jeff Bridges,Jason Marsden,4.0,10,5,4,1,1
270,Burn After Reading,Ethan Coen,Comedy|Drama,96.0,2008.0,37000000.0,R,7.0,60338891.0,J.K. Simmons,Brad Pitt,0.0,32,27,5,0,1
271,Rush,Ron Howard,Action|Biography|Drama|Sport,123.0,2013.0,38000000.0,R,8.1,26903709.0,Chris Hemsworth,Olivia Wilde,0.0,6,5,1,0,1
272,Magnolia,Paul Thomas Anderson,Drama,188.0,1999.0,37000000.0,R,8.0,22450975.0,Patton Oswalt,Neil Flynn,1.0,132,111,16,5,1
273,Twilight,Catherine Hardwicke,Drama|Fantasy|Romance,122.0,2008.0,37000000.0,PG-13,5.2,191449475.0,Kristen Stewart,Taylor Lautner,1.0,0,0,0,0,0
274,Twilight,Catherine Hardwicke,Drama|Fantasy|Romance,122.0,2008.0,37000000.0,PG-13,5.2,191449475.0,Kristen Stewart,Taylor Lautner,1.0,0,0,0,0,0
275,John Q,Nick Cassavetes,Crime|Drama|Thriller,116.0,2002.0,36000000.0,PG-13,7.0,71026631.0,Denzel Washington,Laura Harring,1.0,7,1,5,1,1
276,Breakdown,Jonathan Mostow,Action|Crime|Drama|Mystery|Thriller,93.0,1997.0,36000000.0,R,6.9,50129186.0,Kathleen Quinlan,M.C. Gainey,0.0,16,15,1,0,1
277,Hot Tub Time Machine,Steve Pink,Comedy|Sci-Fi,101.0,2010.0,36000000.0,R,6.4,50213619.0,Charlie McDermott,Collette Wolfe,8.0,61,51,10,0,1
278,Reindeer Games,John Frankenheimer,Action|Adventure|Crime|Drama|Family|Fantasy|Romance|Thriller,124.0,2000.0,34000000.0,R,5.7,23360779.0,Charlize Theron,James Frain,0.0,39,34,5,0,1
279,Gattaca,Andrew Niccol,Drama|Sci-Fi|Thriller,106.0,1997.0,36000000.0,PG-13,7.8,12339633.0,Blair Underwood,Xander Berkeley,2.0,2,2,0,0,1
280,Batman,Tim Burton,Action|Adventure,126.0,1989.0,35000000.0,PG-13,7.6,251188924.0,Michael Gough,Jack Palance,0.0,1,0,1,0,1
281,Horrible Bosses,Seth Gordon,Comedy|Crime,106.0,2011.0,35000000.0,R,6.9,117528646.0,Kevin Spacey,Lindsay Sloane,5.0,36,31,5,0,1
282,True Grit,Ethan Coen,Adventure|Drama|Western,110.0,2010.0,38000000.0,PG-13,7.7,171031347.0,Matt Damon,Jeff Bridges,0.0,0,0,0,0,0
283,Star Trek: The Motion Picture,Robert Wise,Adventure|Mystery|Sci-Fi,143.0,1979.0,35000000.0,PG,6.4,82300000.0,Leonard Nimoy,Nichelle Nichols,2.0,0,0,0,0,0
284,L.A. Confidential,Curtis Hanson,Crime|Drama|Mystery|Thriller,138.0,1997.0,35000000.0,R,8.3,64604977.0,Kevin Spacey,Matt McCoy,2.0,32,28,4,0,1
285,TMNT,Kevin Munroe,Action|Adventure|Animation|Comedy|Family|Fantasy|Sci-Fi,87.0,2007.0,34000000.0,PG,6.3,54132596.0,Chris Evans,Sarah Michelle Gellar,0.0,0,0,0,0,0
286,Saving Mr. Banks,John Lee Hancock,Biography|Comedy|Drama|History|Music,125.0,2013.0,35000000.0,PG-13,7.5,83299761.0,Tom Hanks,Ruth Wilson,2.0,0,0,0,0,0
287,Malcolm X,Spike Lee,Biography|Drama|History|Romance,202.0,1992.0,33000000.0,PG-13,7.7,48169908.0,Denzel Washington,Delroy Lindo,0.0,7,0,4,3,1
288,Donnie Brasco,Mike Newell,Biography|Crime|Drama,147.0,1997.0,35000000.0,R,7.8,41954997.0,Johnny Depp,Al Pacino,2.0,200,197,3,0,1
289,Resident Evil,Paul W.S. Anderson,Action|Horror|Sci-Fi,100.0,2002.0,33000000.0,R,6.7,39532308.0,Milla Jovovich,Jaymes Butler,0.0,13,5,8,0,1
290,Max Payne,John Moore,Action|Crime|Drama|Mystery|Thriller,103.0,2008.0,35000000.0,PG-13,5.4,40687294.0,Mila Kunis,Beau Bridges,1.0,1,0,1,0,1
291,Mirrors,Alexandre Aja,Horror|Mystery,112.0,2008.0,35000000.0,R,6.2,30691439.0,Jason Flemyng,Cameron Boyce,0.0,3,3,0,0,1
292,Queen of the Damned,Michael Rymer,Drama|Fantasy|Horror,101.0,2002.0,35000000.0,R,5.2,30307804.0,Aaliyah,Lena Olin,2.0,0,0,0,0,0
293,Flash Gordon,Mike Hodges,Action|Adventure|Sci-Fi,111.0,1980.0,20000000.0,PG,6.4,,Brian Blessed,William Hootkins,1.0,0,0,0,0,0
294,Heist,Scott Mann,Action|Crime|Thriller,93.0,2015.0,19000000.0,R,6.1,,Robert De Niro,Joshua Mikel,1.0,9,8,0,1,1
295,Heist,Scott Mann,Action|Crime|Thriller,93.0,2015.0,19000000.0,R,6.1,,Robert De Niro,Joshua Mikel,1.0,9,8,0,1,1
296,Wonder Boys,Curtis Hanson,Comedy|Drama,107.0,2000.0,55000000.0,R,7.4,19389454.0,Robert Downey Jr.,Rip Torn,5.0,8,7,1,0,1
297,American Outlaws,Les Mayfield,Action|Western,94.0,2001.0,35000000.0,PG-13,6.0,13264986.0,Gregory Smith,Ronny Cox,2.0,0,0,0,0,0
298,Whiteout,Dominic Sena,Action|Crime|Mystery|Thriller,101.0,2009.0,35000000.0,R,5.5,10268846.0,Tom Skerritt,Bashar Rahal,1.0,4,3,1,0,1
299,A Few Good Men,Rob Reiner,Drama|Thriller,138.0,1992.0,40000000.0,R,7.6,141340178.0,Tom Cruise,Demi Moore,0.0,11,5,6,0,1
300,Bridesmaids,Paul Feig,Comedy|Romance,131.0,2011.0,32500000.0,R,6.8,169076745.0,Matt Lucas,Wendi McLendon-Covey,6.0,15,6,9,0,1
301,Source Code,Duncan Jones,Mystery|Sci-Fi|Thriller,93.0,2011.0,32000000.0,PG-13,7.5,54696902.0,Jake Gyllenhaal,Cas Anvar,3.0,8,8,0,0,1
302,Bringing Out the Dead,Martin Scorsese,Drama|Thriller,121.0,1999.0,55000000.0,R,6.8,16640210.0,Nicolas Cage,Marc Anthony,0.0,8,3,5,0,1
303,Apocalypse Now,Francis Ford Coppola,Drama|War,289.0,1979.0,31500000.0,R,8.5,78800000.0,Harrison Ford,Marlon Brando,1.0,28,17,9,2,1
304,Mr. Holland's Opus,Stephen Herek,Drama|Music,143.0,1995.0,6500000.0,PG,7.3,82528097.0,Alicia Witt,Olympia Dukakis,1.0,0,0,0,0,0
305,Flight,Robert Zemeckis,Drama|Thriller,138.0,2012.0,31000000.0,R,7.3,93749203.0,Denzel Washington,Bruce Greenwood,0.0,56,48,7,1,1
306,Frequency,Gregory Hoblit,Crime|Drama|Mystery|Sci-Fi|Thriller,118.0,2000.0,31000000.0,PG-13,7.3,44983704.0,Dennis Quaid,Andre Braugher,0.0,14,13,1,0,1
307,Get Shorty,Barry Sonnenfeld,Comedy|Crime|Thriller,105.0,1995.0,30250000.0,R,6.9,72077000.0,Delroy Lindo,Rene Russo,4.0,0,0,0,0,0
308,Toy Story,John Lasseter,Adventure|Animation|Comedy|Family|Fantasy,74.0,1995.0,30000000.0,G,8.3,191796233.0,Tom Hanks,John Ratzenberger,1.0,0,0,0,0,0
309,Speed,Jan de Bont,Action|Adventure|Crime|Thriller,116.0,1994.0,25000000.0,R,7.2,121248145.0,Keanu Reeves,Alan Ruck,0.0,0,0,0,0,0
310,Se7en,David Fincher,Crime|Drama|Mystery|Thriller,127.0,1995.0,33000000.0,R,8.6,100125340.0,Morgan Freeman,Brad Pitt,0.0,39,35,4,0,1
311,Analyze This,Harold Ramis,Comedy|Crime,103.0,1999.0,30000000.0,R,6.7,106694016.0,Robert De Niro,Chazz Palminteri,2.0,36,28,8,0,1
312,Up in the Air,Jason Reitman,Drama|Romance,108.0,2009.0,25000000.0,R,7.4,83813460.0,J.K. Simmons,Anna Kendrick,0.0,24,18,6,0,1
313,Looper,Rian Johnson,Action|Crime|Drama|Sci-Fi|Thriller,119.0,2012.0,30000000.0,R,7.4,66468315.0,Joseph Gordon-Levitt,Bruce Willis,0.0,27,24,3,0,1
314,Midnight in Paris,Woody Allen,Comedy|Fantasy|Romance,94.0,2011.0,17000000.0,PG-13,7.7,56816662.0,Kurt Fuller,Audrey Fleurot,1.0,0,0,0,0,0
315,Blow,Ted Demme,Biography|Crime|Drama,124.0,2001.0,30000000.0,R,7.6,52937130.0,Johnny Depp,Ethan Suplee,1.0,87,81,5,1,1
316,Black Rain,Ridley Scott,Action|Crime|Thriller,125.0,1989.0,30000000.0,R,6.6,45645204.0,Stephen Root,Ken Takakura,2.0,5,1,4,0,1
317,Sicario,Denis Villeneuve,Action|Crime|Drama|Mystery|Thriller,121.0,2015.0,30000000.0,R,7.6,46875468.0,Edgar Arreola,Bernardo Saracino,2.0,30,27,3,0,1
318,Drag Me to Hell,Sam Raimi,Horror|Thriller,99.0,2009.0,30000000.0,PG-13,6.6,42057340.0,Bojana Novakovic,Alison Lohman,0.0,3,3,0,0,1
319,Hanna,Joe Wright,Action|Drama|Thriller,111.0,2011.0,30000000.0,PG-13,6.8,40247512.0,Jessica Barden,Vicky Krieps,0.0,7,5,2,0,1
320,Larry Crowne,Tom Hanks,Comedy|Drama|Romance,98.0,2011.0,30000000.0,PG-13,6.1,35565975.0,Tom Hanks,Rob Riggle,0.0,3,1,2,0,1
321,Carrie,Kimberly Peirce,Drama|Fantasy|Horror,100.0,2013.0,30000000.0,R,5.9,35266619.0,Chloë Grace Moretz,Judy Greer,1.0,7,3,4,0,1
322,Carrie,Kimberly Peirce,Drama|Fantasy|Horror,100.0,2013.0,30000000.0,R,5.9,35266619.0,Chloë Grace Moretz,Judy Greer,1.0,7,3,4,0,1
323,9,Shane Acker,Action|Adventure|Animation|Drama|Mystery|Sci-Fi|Thriller,79.0,2009.0,30000000.0,PG-13,7.1,31743332.0,Martin Landau,Alan Oppenheimer,0.0,0,0,0,0,0
324,Get on Up,Tate Taylor,Biography|Drama|Music,139.0,2014.0,30000000.0,PG-13,6.9,30513940.0,Tika Sumpter,Josh Hopkins,0.0,10,4,5,1,1
325,Virtuosity,Brett Leonard,Action|Crime|Sci-Fi|Thriller,106.0,1995.0,30000000.0,R,5.5,24048000.0,Denzel Washington,Costas Mandylor,1.0,8,5,2,1,1
326,Eight Legged Freaks,Ellory Elkayem,Action|Comedy|Horror,99.0,2002.0,30000000.0,PG-13,5.4,17266505.0,Scarlett Johansson,Doug E. Doug,1.0,1,1,0,0,1
327,Fright Night,Craig Gillespie,Comedy|Horror,106.0,2011.0,30000000.0,R,6.4,18298649.0,Grace Phipps,Reid Ewing,1.0,14,9,4,1,1
328,Antitrust,Peter Howitt,Action|Crime|Drama|Thriller,109.0,2001.0,30000000.0,PG-13,6.1,10965209.0,Tyler Labine,Richard Roundtree,2.0,1,0,1,0,1
329,Machine Gun Preacher,Marc Forster,Action|Biography|Crime|Drama,129.0,2011.0,30000000.0,R,6.8,537580.0,Gerard Butler,Madeline Carroll,1.0,30,21,8,1,1
330,Confessions of a Dangerous Mind,George Clooney,Biography|Comedy|Crime|Drama|Romance|Thriller,113.0,2002.0,29000000.0,R,7.1,,Dick Clark,David Julian Hirsh,0.0,51,46,5,0,1
331,Mumford,Lawrence Kasdan,Comedy|Drama,112.0,1999.0,28000000.0,R,6.9,4554569.0,Zooey Deschanel,Alfre Woodard,4.0,6,4,2,0,1
332,Aladdin,Ron Clements,Adventure|Animation|Comedy|Family|Fantasy|Musical|Romance,90.0,1992.0,28000000.0,G,8.0,217350219.0,Robin Williams,Frank Welker,0.0,0,0,0,0,0
333,Straight Outta Compton,F. Gary Gray,Biography|Crime|Drama|History|Music,167.0,2015.0,28000000.0,R,7.9,161029270.0,Aldis Hodge,Neil Brown Jr.,0.0,160,89,64,7,1
334,Indiana Jones and the Temple of Doom,Steven Spielberg,Action|Adventure,118.0,1984.0,28000000.0,PG,7.6,179870271.0,Harrison Ford,Amrish Puri,2.0,0,0,0,0,0
335,Die Hard,John McTiernan,Action|Thriller,131.0,1988.0,28000000.0,R,8.2,81350242.0,Alan Rickman,Bruce Willis,0.0,26,22,4,0,1
336,Dawn of the Dead,Zack Snyder,Action|Horror|Thriller,110.0,2004.0,26000000.0,R,7.4,58885635.0,Ty Burrell,Kevin Zegers,0.0,5,2,3,0,1
337,Dawn of the Dead,Zack Snyder,Action|Horror|Thriller,110.0,2004.0,26000000.0,R,7.4,58885635.0,Ty Burrell,Kevin Zegers,0.0,5,2,3,0,1
338,30 Minutes or Less,Ruben Fleischer,Action|Comedy|Crime,83.0,2011.0,28000000.0,R,6.1,37053924.0,Bianca Kajlich,Dilshad Vadsaria,3.0,176,139,34,3,1
339,Blade Runner,Ridley Scott,Sci-Fi|Thriller,117.0,1982.0,28000000.0,R,8.2,27000000.0,Harrison Ford,Sean Young,2.0,5,3,2,0,1
340,We Own the Night,James Gray,Crime|Drama|Thriller,117.0,2007.0,21000000.0,R,6.9,28563179.0,Robert Duvall,Oleg Taktarov,4.0,20,15,5,0,1
341,Kundun,Martin Scorsese,Biography|Drama|History|War,134.0,1997.0,28000000.0,PG-13,7.0,5532301.0,Tenzin Thuthob Tsarong,Tulku Jamyang Kunga Tenzin,0.0,0,0,0,0,0
342,How to Lose Friends & Alienate People,Robert B. Weide,Comedy|Drama|Romance,110.0,2008.0,27000000.0,R,6.5,2775593.0,James Corden,Katherine Parkinson,4.0,0,0,0,0,0
343,Knocked Up,Judd Apatow,Comedy|Romance,133.0,2007.0,30000000.0,R,7.0,148734225.0,Harold Ramis,Martin Starr,2.0,88,76,11,1,1
344,Lake Placid,Steve Miner,Action|Comedy|Horror,82.0,1999.0,27000000.0,R,5.6,31768374.0,Oliver Platt,Bridget Fonda,0.0,7,7,0,0,1
345,Anonymous,Roland Emmerich,Drama|History|Thriller,130.0,2011.0,30000000.0,PG-13,6.9,4463292.0,Vanessa Redgrave,Joely Richardson,3.0,0,0,0,0,0
346,Dark City,Alex Proyas,Action|Drama|Fantasy|Mystery|Sci-Fi|Thriller,111.0,1998.0,27000000.0,R,7.7,14337579.0,Rufus Sewell,William Hurt,1.0,1,1,0,0,1
347,Case 39,Christian Alvart,Horror|Mystery|Thriller,109.0,2009.0,27000000.0,R,6.2,13248477.0,Bradley Cooper,Callum Rennie,1.0,2,2,0,0,1
348,Suspect Zero,E. Elias Merhige,Crime|Drama|Mystery|Thriller,99.0,2004.0,27000000.0,R,5.9,8712564.0,Harry Lennix,Kevin Chamberlin,0.0,20,20,0,0,1
349,Shakespeare in Love,John Madden,Comedy|Drama|Romance,123.0,1998.0,25000000.0,R,7.2,100241322.0,Tom Wilkinson,Martin Clunes,0.0,0,0,0,0,0
350,Pineapple Express,David Gordon Green,Action|Comedy|Crime,117.0,2008.0,27000000.0,R,7.0,87341380.0,James Franco,Gary Cole,3.0,135,105,29,1,1
351,Final Destination 2,David R. Ellis,Horror|Thriller,90.0,2003.0,26000000.0,R,6.2,46455802.0,Sarah Carter,Michael Landes,0.0,26,17,7,2,1
352,Legion,Scott Stewart,Action|Fantasy|Horror,100.0,2010.0,26000000.0,R,5.2,40168080.0,Dennis Quaid,Kate Walsh,0.0,36,31,3,2,1
353,Blood and Wine,Bob Rafelson,Crime|Drama|Thriller,101.0,1996.0,22000000.0,R,6.1,1075288.0,Harold Perrineau,Mike Starr,3.0,14,13,1,0,1
354,Gran Torino,Clint Eastwood,Drama,116.0,2008.0,33000000.0,R,8.2,148085755.0,Clint Eastwood,Dreama Walker,0.0,42,28,8,6,1
355,Schindler's List,Steven Spielberg,Biography|Drama|History,185.0,1993.0,22000000.0,R,8.9,96067179.0,Liam Neeson,Embeth Davidtz,0.0,5,5,0,0,1
356,Freddy vs. Jason,Ronny Yu,Action|Horror|Thriller,97.0,2003.0,30000000.0,R,5.8,82163317.0,Katharine Isabelle,Jason Ritter,0.0,42,5,2,35,1
357,No Country for Old Men,Ethan Coen,Crime|Drama|Thriller,122.0,2007.0,25000000.0,R,8.1,74273505.0,Kelly Macdonald,Stephen Root,0.0,1,0,0,1,1
358,No Strings Attached,Ivan Reitman,Comedy|Romance,108.0,2011.0,25000000.0,R,6.2,70625986.0,Natalie Portman,Greta Gerwig,1.0,15,12,2,1,1
359,Tombstone,George P. Cosmatos,Action|Biography|Drama|History|Romance|Western,134.0,1993.0,25000000.0,R,7.8,56505065.0,Michael Biehn,Dana Delany,0.0,0,0,0,0,0
360,Goodfellas,Martin Scorsese,Biography|Crime|Drama,146.0,1990.0,25000000.0,R,8.7,46836394.0,Robert De Niro,Mike Starr,3.0,0,0,0,0,0
361,Scarface,Brian De Palma,Crime|Drama,142.0,1983.0,25000000.0,R,8.3,44700000.0,Al Pacino,F. Murray Abraham,0.0,99,83,16,0,1
362,Cradle 2 the Grave,Andrzej Bartkowiak,Action|Crime|Drama|Thriller,101.0,2003.0,30000000.0,R,5.8,34604054.0,Jet Li,Tom Arnold,2.0,32,21,9,2,1
363,August: Osage County,John Wells,Drama,121.0,2013.0,25000000.0,R,7.3,37738400.0,Benedict Cumberbatch,Meryl Streep,3.0,0,0,0,0,0
364,Punch-Drunk Love,Paul Thomas Anderson,Comedy|Drama|Romance|Thriller,95.0,2002.0,25000000.0,R,7.3,17791031.0,Adam Sandler,Emily Watson,0.0,27,23,4,0,1
365,Legend,Brian Helgeland,Biography|Crime|Drama|History|Thriller,132.0,2015.0,30000000.0,R,7.0,1865774.0,Tom Hardy,Paul Anderson,2.0,0,0,0,0,0
366,Warrior,Gavin O'Connor,Drama|Sport,140.0,2011.0,25000000.0,PG-13,8.2,13651662.0,Tom Hardy,Frank Grillo,1.0,7,1,6,0,1
367,Scream 2,Wes Craven,Horror|Mystery,120.0,1997.0,24000000.0,R,6.1,101334374.0,Omar Epps,Jada Pinkett Smith,5.0,8,4,3,1,1
368,I Still Know What You Did Last Summer,Danny Cannon,Horror|Mystery,100.0,1998.0,24000000.0,R,4.6,39989008.0,Muse Watson,Mekhi Phifer,2.0,0,0,0,0,0
369,Nurse Betty,Neil LaBute,Comedy|Crime|Drama,110.0,2000.0,24000000.0,R,6.3,25167270.0,Morgan Freeman,Pruitt Taylor Vince,4.0,49,35,12,2,1
370,Bad Boys,Michael Bay,Action|Comedy|Crime|Drama|Thriller,119.0,1995.0,19000000.0,R,6.8,65807024.0,Will Smith,Tchéky Karyo,0.0,45,31,14,0,1
371,Final Destination,James Wong,Horror|Thriller,98.0,2000.0,23000000.0,R,6.7,53302314.0,Daniel Roebuck,Brendan Fehr,1.0,20,18,2,0,1
372,Pitch Black,David Twohy,Horror|Sci-Fi,112.0,2000.0,23000000.0,R,7.1,39235088.0,Vin Diesel,Radha Mitchell,0.0,22,20,2,0,1
373,Her,Spike Jonze,Drama|Romance|Sci-Fi,126.0,2013.0,23000000.0,R,8.0,25556065.0,Scarlett Johansson,Brian Johnson,1.0,25,24,1,0,1
374,Ghost,Jerry Zucker,Drama|Fantasy|Romance|Thriller,127.0,1990.0,22000000.0,PG-13,7.0,217631306.0,Demi Moore,Tony Goldwyn,0.0,2,2,0,0,1
375,There's Something About Mary,Bobby Farrelly,Comedy|Romance,107.0,1998.0,23000000.0,R,7.1,176483808.0,Sarah Silverman,Lin Shaye,1.0,52,44,8,0,1
376,Gandhi,Richard Attenborough,Biography|Drama|History,240.0,1982.0,22000000.0,PG,8.1,,Candice Bergen,Amrish Puri,0.0,0,0,0,0,0
377,Jay and Silent Bob Strike Back,Kevin Smith,Comedy,104.0,2001.0,22000000.0,R,6.9,30059386.0,Will Ferrell,Shannon Elizabeth,5.0,195,142,43,10,1
378,Death at a Funeral,Frank Oz,Comedy,87.0,2007.0,9000000.0,R,7.4,8579684.0,Peter Dinklage,Ewen Bremner,0.0,8,3,5,0,1
379,Death at a Funeral,Frank Oz,Comedy,87.0,2007.0,9000000.0,R,7.4,8579684.0,Peter Dinklage,Ewen Bremner,0.0,8,3,5,0,1
380,Silver Linings Playbook,David O. Russell,Comedy|Drama|Romance,122.0,2012.0,21000000.0,R,7.8,132088910.0,Jennifer Lawrence,Robert De Niro,0.0,68,60,8,0,1
381,The Rage: Carrie 2,Katt Shea,Horror|Sci-Fi|Thriller,104.0,1999.0,21000000.0,R,4.6,17757087.0,Jason London,Rachel Blanchard,1.0,0,0,0,0,0
382,Tinker Tailor Soldier Spy,Tomas Alfredson,Drama|Mystery|Thriller,127.0,2011.0,20000000.0,R,7.1,24104113.0,Benedict Cumberbatch,Colin Firth,1.0,6,6,0,0,1
383,eXistenZ,David Cronenberg,Horror|Sci-Fi|Thriller,115.0,1999.0,31000000.0,R,6.8,2840417.0,Jennifer Jason Leigh,Sarah Polley,0.0,0,0,0,0,0
384,Jaws 2,Jeannot Szwarc,Adventure|Horror|Thriller,131.0,1978.0,20000000.0,PG,5.7,102922376.0,Roy Scheider,Murray Hamilton,0.0,4,0,3,1,1
385,12 Years a Slave,Steve McQueen,Biography|Drama|History,134.0,2013.0,20000000.0,R,8.1,56667870.0,Quvenzhané Wallis,Scoot McNairy,0.0,1,0,0,1,1
386,Edward Scissorhands,Tim Burton,Fantasy|Romance,105.0,1990.0,20000000.0,PG-13,7.9,56362352.0,Johnny Depp,Dianne Wiest,0.0,1,0,1,0,1
387,Orphan,Jaume Collet-Serra,Horror|Mystery|Thriller,123.0,2009.0,,R,7.0,41573740.0,Jimmy Bennett,CCH Pounder,1.0,8,5,3,0,1
388,Babel,Alejandro G. Iñárritu,Drama,143.0,2006.0,25000000.0,R,7.5,34300771.0,Brad Pitt,Harriet Walter,3.0,22,18,4,0,1
389,Copycat,Jon Amiel,Crime|Drama|Mystery|Thriller,123.0,1995.0,20000000.0,R,6.6,32051917.0,William McNamara,Holly Hunter,0.0,16,10,3,3,1
390,Milk,Gus Van Sant,Biography|Drama|History,128.0,2008.0,20000000.0,R,7.6,31838002.0,James Franco,Denis O'Hare,1.0,11,5,6,0,1
391,Ghost Ship,Steve Beck,Horror,91.0,2002.0,35000000.0,R,5.5,30079316.0,Isaiah Washington,Ron Eldard,0.0,15,10,4,1,1
392,Wild Things,John McNaughton,Crime|Drama|Mystery|Thriller,115.0,1998.0,20000000.0,R,6.5,29753944.0,Bill Murray,Robert Wagner,3.0,25,19,4,2,1
393,High Fidelity,Stephen Frears,Comedy|Drama|Music|Romance,113.0,2000.0,20000000.0,R,7.6,27277055.0,Drake Bell,Lili Taylor,0.0,58,53,5,0,1
394,Eternal Sunshine of the Spotless Mind,Michel Gondry,Drama|Fantasy|Romance|Sci-Fi,108.0,2004.0,20000000.0,R,8.3,34126138.0,Kate Winslet,Kirsten Dunst,1.0,25,24,1,0,1
395,She's Out of My League,Jim Field Smith,Comedy|Romance,104.0,2010.0,20000000.0,R,6.4,31584722.0,Mike Vogel,Kim Shaw,1.0,42,26,16,0,1
396,Monte Carlo,Thomas Bezucha,Adventure|Comedy|Family|Romance,109.0,2011.0,20000000.0,PG,5.8,23179303.0,Leighton Meester,Luke Bracey,3.0,0,0,0,0,0
397,Psycho,Alfred Hitchcock,Horror|Mystery|Thriller,108.0,1960.0,806947.0,R,8.5,32000000.0,Janet Leigh,Vera Miles,2.0,0,0,0,0,0
398,Into the Wild,Sean Penn,Adventure|Biography|Drama,148.0,2007.0,15000000.0,R,8.2,18352454.0,Kristen Stewart,William Hurt,0.0,3,2,1,0,1
399,From Dusk Till Dawn,Robert Rodriguez,Crime|Fantasy|Horror,108.0,1996.0,19000000.0,R,7.3,25753840.0,Quentin Tarantino,Salma Hayek,2.0,70,44,25,1,1
400,A Scanner Darkly,Richard Linklater,Animation|Drama|Mystery|Sci-Fi|Thriller,100.0,2006.0,8700000.0,R,7.1,5480996.0,Robert Downey Jr.,Keanu Reeves,0.0,53,47,6,0,1
401,Alone in the Dark,Uwe Boll,Horror|Sci-Fi,94.0,2005.0,20000000.0,R,2.3,5132655.0,Catherine Lough Haggquist,Darren Shahlavi,0.0,1,1,0,0,1
402,A Most Violent Year,J.C. Chandor,Action|Crime|Drama|Thriller,125.0,2014.0,20000000.0,R,7.0,5749134.0,David Oyelowo,Ashley Williams,0.0,30,27,3,0,1
403,"Synecdoche, New York",Charlie Kaufman,Comedy|Drama|Romance,124.0,2008.0,21000000.0,R,7.5,3081925.0,Philip Seymour Hoffman,Jennifer Jason Leigh,0.0,26,24,2,0,1
404,Equilibrium,Kurt Wimmer,Action|Drama|Sci-Fi|Thriller,107.0,2002.0,20000000.0,R,7.5,1190018.0,Christian Bale,Emily Watson,2.0,0,0,0,0,0
405,Dances with Wolves,Kevin Costner,Adventure|Drama|Western,236.0,1990.0,22000000.0,PG-13,8.0,184208848.0,Mary McDonnell,Michael Spears,1.0,1,0,0,1,1
406,Bad Teacher,Jake Kasdan,Comedy,97.0,2011.0,20000000.0,R,5.7,100292856.0,Justin Timberlake,John Michael Higgins,0.0,19,14,5,0,1
407,Scream,Wes Craven,Horror|Mystery,103.0,1996.0,15000000.0,R,7.2,103001286.0,David Arquette,W. Earl Brown,0.0,26,19,6,1,1
408,Back to the Future,Robert Zemeckis,Adventure|Comedy|Sci-Fi,116.0,1985.0,19000000.0,PG,8.5,210609762.0,Lea Thompson,Thomas F. Wilson,0.0,0,0,0,0,0
409,Land of the Dead,George A. Romero,Horror,97.0,2005.0,15000000.0,R,6.2,20433940.0,Tony Nappo,Shawn Roberts,8.0,27,22,5,0,1
410,Fear and Loathing in Las Vegas,Terry Gilliam,Adventure|Comedy|Drama,118.0,1998.0,18500000.0,R,7.7,10562387.0,Johnny Depp,Michael Jeter,0.0,49,38,9,2,1
411,Big,Penny Marshall,Comedy|Drama|Family|Fantasy|Romance,130.0,1988.0,18000000.0,PG,7.3,114968774.0,Tom Hanks,Jon Lovitz,1.0,1,1,0,0,1
412,Legally Blonde,Robert Luketic,Comedy|Romance,96.0,2001.0,18000000.0,PG-13,6.2,95001351.0,Linda Cardellini,Raquel Welch,1.0,6,2,1,3,1
413,Bad Santa,Terry Zwigoff,Comedy|Crime|Drama,98.0,2003.0,18000000.0,R,7.1,60057639.0,Bernie Mac,Tony Cox,2.0,101,80,20,1,1
414,Predator,John McTiernan,Action|Horror|Sci-Fi,107.0,1987.0,15000000.0,R,7.8,59735548.0,Shane Black,Bill Duke,1.0,8,4,3,1,1
415,Amadeus,Milos Forman,Biography|Drama|History|Music,180.0,1984.0,18000000.0,R,8.3,51600000.0,Jeffrey Jones,F. Murray Abraham,0.0,2,1,1,0,1
416,Prom Night,Nelson McCormick,Horror|Mystery,89.0,2008.0,20000000.0,PG-13,3.9,43818159.0,Ming-Na Wen,Scott Porter,0.0,0,0,0,0,0
417,Peggy Sue Got Married,Francis Ford Coppola,Comedy|Drama|Fantasy|Romance,103.0,1986.0,18000000.0,PG-13,6.3,41382841.0,Nicolas Cage,Kathleen Turner,0.0,1,0,1,0,1
418,Observe and Report,Jody Hill,Comedy|Crime|Drama,86.0,2009.0,18000000.0,R,5.8,23993605.0,Collette Wolfe,Celia Weston,1.0,90,66,23,1,1
419,Raging Bull,Martin Scorsese,Biography|Drama|Sport,121.0,1980.0,18000000.0,R,8.3,45250.0,Robert De Niro,Cathy Moriarty,1.0,25,25,0,0,1
420,127 Hours,Danny Boyle,Adventure|Biography|Drama|Thriller,94.0,2010.0,18000000.0,R,7.6,18329466.0,James Franco,Treat Williams,0.0,15,13,2,0,1
421,Youth in Revolt,Miguel Arteta,Comedy|Drama|Romance,90.0,2009.0,18000000.0,R,6.5,15281286.0,Steve Buscemi,Ari Graynor,2.0,5,2,3,0,1
422,Dragonslayer,Matthew Robbins,Action|Adventure|Fantasy,108.0,1981.0,18000000.0,PG,6.7,6000000.0,Ian McDiarmid,Ralph Richardson,0.0,0,0,0,0,0
423,Ed Wood,Tim Burton,Biography|Comedy|Drama,127.0,1994.0,18000000.0,R,7.9,5887457.0,Johnny Depp,Bill Murray,1.0,9,7,1,1,1
424,RocknRolla,Guy Ritchie,Action|Crime|Thriller,114.0,2008.0,18000000.0,R,7.3,5694401.0,Tom Hardy,Gerard Butler,4.0,21,17,4,0,1
425,Day of the Dead,George A. Romero,Horror,87.0,1985.0,3500000.0,Unrated,7.2,,Greg Nicotero,John Amplas,1.0,10,1,9,0,1
426,Day of the Dead,George A. Romero,Horror,87.0,1985.0,3500000.0,Unrated,7.2,,Greg Nicotero,John Amplas,1.0,10,1,9,0,1
427,Superbad,Greg Mottola,Comedy,119.0,2007.0,20000000.0,R,7.6,121463226.0,Emma Stone,Joe Lo Truglio,2.0,102,74,20,8,1
428,Hotel Rwanda,Terry George,Drama|History|War,121.0,2004.0,17500000.0,PG-13,8.1,23472900.0,Don Cheadle,Sophie Okonedo,1.0,7,7,0,0,1
429,Aliens,James Cameron,Action|Adventure|Sci-Fi,154.0,1986.0,18500000.0,R,8.4,85200000.0,Michael Biehn,Carrie Henn,1.0,19,16,2,1,1
430,Sideways,Alexander Payne,Adventure|Comedy|Drama|Romance,126.0,2004.0,12000000.0,R,7.5,71502303.0,Virginia Madsen,Patrick Gallagher,0.0,59,56,3,0,1
431,Halloween,John Carpenter,Horror|Thriller,101.0,1978.0,300000.0,R,7.9,47000000.0,Jamie Lee Curtis,Donald Pleasence,0.0,19,10,6,3,1
432,Halloween,John Carpenter,Horror|Thriller,101.0,1978.0,300000.0,R,7.9,47000000.0,Jamie Lee Curtis,Donald Pleasence,0.0,19,10,6,3,1
433,Halloween,John Carpenter,Horror|Thriller,101.0,1978.0,300000.0,R,7.9,47000000.0,Jamie Lee Curtis,Donald Pleasence,0.0,19,10,6,3,1
434,Smokin' Aces,Joe Carnahan,Action|Crime|Drama|Thriller,109.0,2006.0,17000000.0,R,6.7,35635046.0,Ryan Reynolds,Common,0.0,57,32,18,7,1
435,They,Robert Harmon,Horror|Mystery|Thriller,89.0,2002.0,17000000.0,PG-13,4.8,12693621.0,Alexander Gould,Ethan Embry,0.0,6,3,3,0,1
436,Evil Dead,Fede Alvarez,Horror,96.0,2013.0,17000000.0,R,6.5,54239856.0,Lou Taylor Pucci,Elizabeth Blackmore,0.0,1,0,1,0,1
437,My Girl,Howard Zieff,Comedy|Drama|Family|Romance,102.0,1991.0,16500000.0,PG-13,6.8,59847242.0,Macaulay Culkin,Jamie Lee Curtis,1.0,1,0,1,0,1
438,Wall Street,Oliver Stone,Crime|Drama,126.0,1987.0,15000000.0,R,7.4,43848100.0,Hal Holbrook,Tamara Tunie,2.0,5,3,1,1,1
439,Sense and Sensibility,Ang Lee,Drama|Romance,136.0,1995.0,16500000.0,PG,7.7,42700000.0,Alan Rickman,Kate Winslet,2.0,1,0,0,1,1
440,Dead Poets Society,Peter Weir,Comedy|Drama,128.0,1989.0,16400000.0,PG,8.0,95860116.0,Robin Williams,Josh Charles,0.0,1,0,1,0,1
441,Moonrise Kingdom,Wes Anderson,Adventure|Comedy|Drama|Romance,94.0,2012.0,16000000.0,PG-13,7.8,45507053.0,Bruce Willis,Bill Murray,2.0,0,0,0,0,0
442,Jennifer's Body,Karyn Kusama,Comedy|Fantasy|Horror,107.0,2009.0,16000000.0,R,5.1,16204793.0,J.K. Simmons,Amy Sedaris,1.0,18,16,2,0,1
443,Remember Me,Allen Coulter,Drama|Romance,113.0,2010.0,16000000.0,PG-13,7.2,19057024.0,Robert Pattinson,Lena Olin,0.0,4,3,1,0,1
444,Philadelphia,Jonathan Demme,Drama,125.0,1993.0,26000000.0,PG-13,7.7,77324422.0,Denzel Washington,Tom Hanks,2.0,20,17,2,1,1
445,Detroit Rock City,Adam Rifkin,Comedy|Music,95.0,1999.0,15000000.0,R,6.8,4193025.0,Natasha Lyonne,Lin Shaye,0.0,27,16,9,2,1
446,Highlander,Russell Mulcahy,Action|Adventure|Fantasy,110.0,1986.0,16000000.0,R,7.2,5900000.0,Christopher Lambert,Jon Polito,1.0,1,0,0,1,1
447,Slither,James Gunn,Comedy|Horror|Sci-Fi,95.0,2006.0,15500000.0,R,6.5,7774730.0,Dustin Milligan,Gregg Henry,0.0,18,12,6,0,1
448,Top Gun,Tony Scott,Action|Drama|Romance,110.0,1986.0,15000000.0,PG,6.9,176781728.0,Tom Cruise,Tom Skerritt,2.0,3,0,3,0,1
449,"Crouching Tiger, Hidden Dragon",Ang Lee,Action|Drama|Romance,120.0,2000.0,15000000.0,PG-13,7.9,128067808.0,Chen Chang,Pei-Pei Cheng,3.0,0,0,0,0,0
450,American Beauty,Sam Mendes,Drama,122.0,1999.0,15000000.0,R,8.4,130058047.0,Kevin Spacey,Peter Gallagher,0.0,18,17,1,0,1
451,Twins,Ivan Reitman,Comedy|Crime,107.0,1988.0,15000000.0,PG,6.0,111936400.0,Kelly Preston,Tony Jay,1.0,4,1,3,0,1
452,When a Stranger Calls,Simon West,Horror|Thriller,87.0,2006.0,15000000.0,PG-13,5.0,47860214.0,Madeline Carroll,Tessa Thompson,0.0,0,0,0,0,0
453,Wag the Dog,Barry Levinson,Comedy|Drama,97.0,1997.0,15000000.0,R,7.1,43022524.0,Robert De Niro,Kirsten Dunst,0.0,24,21,3,0,1
454,Malibu's Most Wanted,John Whitesell,Comedy|Crime,86.0,2003.0,16000000.0,PG-13,5.1,34308901.0,Greg Grunberg,Regina Hall,3.0,10,1,1,8,1
455,Drive,Nicolas Winding Refn,Crime|Drama,100.0,2011.0,15000000.0,R,7.8,35054909.0,Ryan Gosling,Albert Brooks,0.0,41,41,0,0,1
456,All About Steve,Phil Traill,Comedy|Romance,99.0,2009.0,15000000.0,PG-13,4.8,33860010.0,Bradley Cooper,Katy Mixon,3.0,1,0,0,1,1
457,Boogie Nights,Paul Thomas Anderson,Drama,155.0,1997.0,15000000.0,R,7.9,26384919.0,Don Cheadle,Nicole Ari Parker,15.0,92,78,12,2,1
458,Highlander: Endgame,Douglas Aarniokoski,Action|Adventure|Fantasy|Sci-Fi,101.0,2000.0,15000000.0,R,4.6,12801190.0,Christopher Lambert,Adrian Paul,1.0,0,0,0,0,0
459,Confidence,James Foley,Crime|Thriller,97.0,2003.0,15000000.0,R,6.7,12212417.0,Louis Lombardi,Brian Van Holt,3.0,57,43,11,3,1
460,Brazil,Terry Gilliam,Drama|Sci-Fi,142.0,1985.0,15000000.0,R,8.0,9929000.0,Robert De Niro,Bob Hoskins,0.0,5,3,2,0,1
461,Black Snake Moan,Craig Brewer,Drama|Music,116.0,2006.0,15000000.0,R,7.0,9396487.0,Justin Timberlake,Michael Raymond-James,0.0,38,18,17,3,1
462,Mulholland Drive,David Lynch,Drama|Mystery|Thriller,147.0,2001.0,15000000.0,R,8.0,7219578.0,Naomi Watts,Robert Forster,1.0,1,0,0,1,1
463,Groundhog Day,Harold Ramis,Comedy|Fantasy|Romance,101.0,1993.0,14600000.0,PG,8.1,70906973.0,Bill Murray,Chris Elliott,1.0,0,0,0,0,0
464,Unforgiven,Clint Eastwood,Drama|Western,131.0,1992.0,14400000.0,R,8.3,101157447.0,Clint Eastwood,Morgan Freeman,1.0,0,0,0,0,0
465,Slumdog Millionaire,Danny Boyle,Drama|Romance,120.0,2008.0,15000000.0,R,8.0,141319195.0,Anil Kapoor,Saurabh Shukla,0.0,4,1,3,0,1
466,Pretty Woman,Garry Marshall,Comedy|Romance,125.0,1990.0,14000000.0,R,6.9,178406268.0,Julia Roberts,Hector Elizondo,2.0,7,4,1,2,1
467,Jason X,James Isaac,Action|Horror|Sci-Fi|Thriller,85.0,2001.0,11000000.0,R,4.4,12610731.0,Peter Mensah,Kane Hodder,1.0,24,14,7,3,1
468,Margaret,Kenneth Lonergan,Drama,186.0,2011.0,14000000.0,R,6.5,46495.0,Matt Damon,Kieran Culkin,1.0,40,33,7,0,1
469,Clueless,Amy Heckerling,Comedy|Romance,97.0,1995.0,12000000.0,PG-13,6.8,56631572.0,Donald Faison,Dan Hedaya,1.0,2,0,1,1,1
470,Black Swan,Darren Aronofsky,Drama|Thriller,108.0,2010.0,13000000.0,R,8.0,106952327.0,Natalie Portman,Mila Kunis,1.0,15,15,0,0,1
471,Save the Last Dance,Thomas Carter,Drama|Music|Romance,112.0,2001.0,13000000.0,PG-13,6.1,91038276.0,Sean Patrick Thomas,Terry Kinney,0.0,52,24,23,5,1
472,10 Things I Hate About You,Gil Junger,Comedy|Drama|Romance,97.0,1999.0,16000000.0,PG-13,7.2,38176108.0,Joseph Gordon-Levitt,Heath Ledger,6.0,8,3,2,3,1
473,Ex Machina,Alex Garland,Drama|Mystery|Sci-Fi|Thriller,108.0,2015.0,15000000.0,R,7.7,25440971.0,Elina Alminas,Sonoya Mizuno,0.0,18,17,1,0,1
474,Being John Malkovich,Spike Jonze,Comedy|Drama|Fantasy,112.0,1999.0,13000000.0,R,7.8,22858926.0,Willie Garson,Orson Bean,2.0,16,13,2,1,1
475,Room,Lenny Abrahamson,Drama,118.0,2015.0,13000000.0,R,8.3,14677654.0,Joan Allen,Jacob Tremblay,0.0,2,2,0,0,1
476,Serial Mom,John Waters,Comedy|Crime|Thriller,95.0,1994.0,13000000.0,R,6.7,7881335.0,Kathleen Turner,Sam Waterston,4.0,9,8,1,0,1
477,Birthday Girl,Jez Butterworth,Comedy|Crime|Thriller,93.0,2001.0,13000000.0,R,6.1,4919896.0,Mark Gatiss,Mathieu Kassovitz,1.0,12,12,0,0,1
478,I Love You Phillip Morris,Glenn Ficarra,Biography|Comedy|Crime|Drama|Romance,102.0,2009.0,13000000.0,R,6.6,2035566.0,Dameon Clarke,Louis Herthum,0.0,31,25,5,1,1
479,True Romance,Tony Scott,Action|Crime|Drama|Romance|Thriller,121.0,1993.0,13000000.0,R,8.0,12281500.0,Brad Pitt,Gary Oldman,3.0,94,64,23,7,1
480,Machete,Ethan Maniquis,Action|Crime|Thriller,105.0,2010.0,10500000.0,R,6.7,26589953.0,Robert De Niro,Don Johnson,1.0,33,31,2,0,1
481,Jaws,Steven Spielberg,Adventure|Drama|Thriller,130.0,1975.0,8000000.0,PG,8.0,260000000.0,Roy Scheider,Robert Shaw,0.0,0,0,0,0,0
482,American Pie,Paul Weitz,Comedy,95.0,1999.0,11000000.0,R,7.0,101736215.0,Alyson Hannigan,Shannon Elizabeth,6.0,25,18,7,0,1
483,Star Trek II: The Wrath of Khan,Nicholas Meyer,Action|Adventure|Sci-Fi,116.0,1982.0,11000000.0,PG,7.7,78900000.0,Leonard Nimoy,Kirstie Alley,2.0,0,0,0,0,0
484,Ace Ventura: Pet Detective,Tom Shadyac,Comedy,78.0,1994.0,12000000.0,PG-13,6.9,72217000.0,Sean Young,Udo Kier,1.0,0,0,0,0,0
485,Witness,Peter Weir,Crime|Drama|Romance|Thriller,112.0,1985.0,12000000.0,R,7.4,65500000.0,Harrison Ford,Viggo Mortensen,1.0,3,1,1,1,1
486,Jackie Brown,Quentin Tarantino,Crime|Thriller,154.0,1997.0,12000000.0,R,7.5,39647595.0,Robert De Niro,Sid Haig,5.0,75,44,26,5,1
487,Chronicle,Josh Trank,Drama|Sci-Fi|Thriller,89.0,2012.0,12000000.0,PG-13,7.1,64572496.0,Michael Kelly,Alex Russell,0.0,88,76,12,0,1
488,Stir of Echoes,David Koepp,Horror|Mystery|Thriller,99.0,1999.0,12000000.0,R,7.0,21133087.0,Illeana Douglas,Kathryn Erbe,0.0,19,12,5,2,1
489,Crank,Mark Neveldine,Action|Crime|Thriller,93.0,2006.0,12000000.0,R,7.0,27829874.0,Jason Statham,Edi Gathegi,1.0,46,23,15,8,1
490,Rachel Getting Married,Jonathan Demme,Drama|Romance,113.0,2008.0,,R,6.7,12796277.0,Anne Hathaway,Rosemarie DeWitt,1.0,13,9,4,0,1
491,Arbitrage,Nicholas Jarecki,Drama|Thriller,107.0,2012.0,12000000.0,R,6.6,7918283.0,Nate Parker,Curtiss Cook,1.0,47,46,1,0,1
492,Snatch,Guy Ritchie,Comedy|Crime,104.0,2000.0,6000000.0,R,8.3,30093107.0,Jason Statham,Brad Pitt,6.0,65,59,6,0,1
493,Snatch,Guy Ritchie,Comedy|Crime,104.0,2000.0,6000000.0,R,8.3,30093107.0,Jason Statham,Brad Pitt,6.0,65,59,6,0,1
494,Pet Sematary,Mary Lambert,Fantasy|Horror,103.0,1989.0,11500000.0,R,6.6,57469179.0,Miko Hughes,Fred Gwynne,0.0,6,2,4,0,1
495,Gremlins,Joe Dante,Comedy|Fantasy|Horror,106.0,1984.0,11000000.0,PG,7.2,148170000.0,Phoebe Cates,Harry Carey Jr.,0.0,1,1,0,0,1
496,Major League,David S. Ward,Comedy|Sport,107.0,1989.0,11000000.0,R,7.2,49797148.0,Corbin Bernsen,Tom Berenger,3.0,8,2,5,1,1
497,Phone Booth,Joel Schumacher,Crime|Thriller,81.0,2002.0,13000000.0,R,7.1,46563158.0,Radha Mitchell,John Enos III,0.0,48,43,4,1,1
498,Cruel Intentions,Roger Kumble,Drama|Romance,97.0,1999.0,10500000.0,R,6.9,38201895.0,Sarah Michelle Gellar,Sean Patrick Thomas,3.0,31,26,5,0,1
499,Barry Lyndon,Stanley Kubrick,Adventure|Drama|History|War,184.0,1975.0,11000000.0,PG,8.1,,Ryan O'Neal,Steven Berkoff,0.0,0,0,0,0,0
500,Army of Darkness,Sam Raimi,Comedy|Fantasy|Horror,88.0,1992.0,13000000.0,R,7.6,11501093.0,Patricia Tallman,Bridget Fonda,0.0,1,0,0,1,1
501,2001: A Space Odyssey,Stanley Kubrick,Adventure|Mystery|Sci-Fi,161.0,1968.0,12000000.0,G,8.3,56715371.0,Keir Dullea,Gary Lockwood,0.0,0,0,0,0,0
502,Good Will Hunting,Gus Van Sant,Drama,126.0,1997.0,10000000.0,R,8.3,138339411.0,Robin Williams,Matt Damon,2.0,39,30,8,1,1
503,Commando,Mark L. Lester,Action|Adventure|Thriller,75.0,1985.0,10000000.0,R,6.7,,Bill Duke,Vernon Wells,0.0,0,0,0,0,0
504,Dogma,Kevin Smith,Adventure|Comedy|Drama|Fantasy,130.0,1999.0,10000000.0,R,7.4,30651422.0,Matt Damon,Janeane Garofalo,8.0,85,55,24,6,1
505,Rushmore,Wes Anderson,Comedy|Drama,93.0,1998.0,9000000.0,R,7.7,17096053.0,Bill Murray,Connie Nielsen,2.0,0,0,0,0,0
506,Tremors,Ron Underwood,Comedy|Horror|Sci-Fi,96.0,1990.0,11000000.0,PG-13,7.1,16667084.0,Reba McEntire,Ariana Richards,0.0,8,7,1,0,1
507,Mud,Jeff Nichols,Drama,130.0,2012.0,10000000.0,PG-13,7.4,21589307.0,Matthew McConaughey,Tye Sheridan,1.0,11,0,10,1,1
508,My Week with Marilyn,Simon Curtis,Biography|Drama,99.0,2011.0,6400000.0,R,7.0,14597405.0,Eddie Redmayne,Toby Jones,1.0,11,10,1,0,1
509,Office Space,Mike Judge,Comedy,89.0,1999.0,10000000.0,R,7.8,10824921.0,Gary Cole,Stephen Root,0.0,11,8,3,0,1
510,Drop Dead Gorgeous,Michael Patrick Jann,Comedy|Romance|Thriller,97.0,1999.0,10000000.0,PG-13,6.5,10561238.0,Kirsten Dunst,Kirstie Alley,0.0,4,2,0,2,1
511,Big Eyes,Tim Burton,Biography|Crime|Drama|Romance,106.0,2014.0,10000000.0,PG-13,7.0,14479776.0,Christoph Waltz,Danny Huston,3.0,1,1,0,0,1
512,Very Bad Things,Peter Berg,Comedy|Crime|Thriller,100.0,1998.0,10000000.0,R,6.3,9801782.0,Jon Favreau,Daniel Stern,0.0,60,57,3,0,1
513,Cedar Rapids,Miguel Arteta,Comedy,87.0,2011.0,,R,6.3,6857503.0,Kurtwood Smith,Stephen Root,1.0,36,28,8,0,1
514,American History X,Tony Kaye,Crime|Drama,101.0,1998.0,7500000.0,R,8.6,6712241.0,Ethan Suplee,Beverly D'Angelo,2.0,120,94,23,3,1
515,Crash,Paul Haggis,Crime|Drama|Thriller,115.0,2004.0,6500000.0,R,7.9,54557348.0,Don Cheadle,Loretta Devine,0.0,3,2,0,1,1
516,Crash,Paul Haggis,Crime|Drama|Thriller,115.0,2004.0,6500000.0,R,7.9,54557348.0,Don Cheadle,Loretta Devine,0.0,3,2,0,1,1
517,Bamboozled,Spike Lee,Comedy|Drama|Music,135.0,2000.0,10000000.0,R,6.5,2185266.0,Gillian White,Michael Rapaport,0.0,4,1,1,2,1
518,Coriolanus,Ralph Fiennes,Drama|Thriller|War,123.0,2011.0,,R,6.2,756452.0,Gerard Butler,Ashraf Barhom,0.0,0,0,0,0,0
519,Next Friday,Steve Carr,Comedy,98.0,2000.0,9500000.0,R,6.1,57176582.0,John Witherspoon,Mike Epps,1.0,26,14,8,4,1
520,Amour,Michael Haneke,Drama|Romance,127.0,2012.0,8900000.0,PG-13,7.9,225377.0,Isabelle Huppert,Emmanuelle Riva,1.0,1,1,0,0,1
521,Heavy Metal,Gerald Potterton,Adventure|Animation|Fantasy|Horror|Sci-Fi,90.0,1981.0,9300000.0,R,6.7,,John Vernon,Joe Flaherty,0.0,1,0,1,0,1
522,Alien,Ridley Scott,Horror|Sci-Fi,116.0,1979.0,11000000.0,R,8.5,78900000.0,Tom Skerritt,Yaphet Kotto,0.0,1,1,0,0,1
523,Election,Alexander Payne,Comedy|Drama,103.0,1999.0,8000000.0,R,7.3,14879556.0,Matthew Broderick,Chris Klein,0.0,11,8,0,3,1
524,Pulp Fiction,Quentin Tarantino,Crime|Drama,178.0,1994.0,8000000.0,R,8.9,107930000.0,Bruce Willis,Eric Stoltz,1.0,88,41,39,8,1
525,American Psycho,Mary Harron,Crime|Drama,102.0,2000.0,7000000.0,R,7.6,15047419.0,Christian Bale,Justin Theroux,1.0,39,36,1,2,1
526,Easy A,Will Gluck,Comedy|Romance,92.0,2010.0,8000000.0,PG-13,7.1,58401464.0,Emma Stone,Dan Byrd,1.0,35,33,1,1,1
527,Shadow of the Vampire,E. Elias Merhige,Drama|Horror,92.0,2000.0,8000000.0,R,6.9,8279017.0,Eddie Izzard,Udo Kier,1.0,0,0,0,0,0
528,An Education,Lone Scherfig,Drama,100.0,2009.0,4500000.0,PG-13,7.3,12574715.0,Dominic Cooper,Olivia Williams,0.0,0,0,0,0,0
529,Extract,Mike Judge,Comedy|Crime|Romance,92.0,2009.0,8000000.0,R,6.2,10814185.0,J.K. Simmons,Mila Kunis,6.0,5,0,5,0,1
530,Juno,Jason Reitman,Comedy|Drama|Romance,96.0,2007.0,7500000.0,PG-13,7.5,143492840.0,J.K. Simmons,Jennifer Garner,0.0,6,2,3,1,1
531,Juno,Jason Reitman,Comedy|Drama|Romance,96.0,2007.0,7500000.0,PG-13,7.5,143492840.0,J.K. Simmons,Jennifer Garner,0.0,6,2,3,1,1
532,500 Days of Summer,Marc Webb,Comedy|Drama|Romance,95.0,2009.0,7500000.0,PG-13,7.7,32391374.0,Joseph Gordon-Levitt,Chloë Grace Moretz,43.0,16,10,5,1,1
533,Capote,Bennett Miller,Biography|Crime|Drama,110.0,2005.0,7000000.0,R,7.4,28747570.0,Philip Seymour Hoffman,Michael J. Burg,1.0,2,2,0,0,1
534,Logan's Run,Michael Anderson,Action|Adventure|Sci-Fi,119.0,1976.0,9000000.0,PG,6.8,25000000.0,Farrah Fawcett,Jenny Agutter,1.0,0,0,0,0,0
535,House of 1000 Corpses,Rob Zombie,Horror,105.0,2003.0,7000000.0,R,6.0,12583510.0,Sid Haig,Matthew McGrory,0.0,85,69,12,4,1
536,A Serious Man,Ethan Coen,Comedy|Drama,106.0,2009.0,7000000.0,R,7.0,9190525.0,Michael Stuhlbarg,Fred Melamed,1.0,6,6,0,0,1
537,Get Low,Aaron Schneider,Drama|Mystery,100.0,2009.0,7500000.0,PG-13,7.1,9176553.0,Bill Murray,Robert Duvall,1.0,2,1,0,1,1
538,Hesher,Spencer Susser,Drama,106.0,2010.0,7000000.0,R,7.1,382946.0,Joseph Gordon-Levitt,Natalie Portman,0.0,71,63,8,0,1
539,Go,Doug Liman,Comedy|Crime,102.0,1999.0,6500000.0,R,7.3,16842303.0,Sarah Polley,Jay Mohr,3.0,48,42,5,1,1
540,Shame,Steve McQueen,Drama,101.0,2011.0,6500000.0,NC-17,7.3,4000304.0,Michael Fassbender,Nicole Beharie,0.0,52,50,2,0,1
541,Platoon,Oliver Stone,Drama|War,120.0,1986.0,6000000.0,R,8.1,137963328.0,Johnny Depp,Tom Berenger,0.0,114,71,40,3,1
542,Mary Poppins,Robert Stevenson,Comedy|Family|Fantasy|Musical,139.0,1964.0,6000000.0,Approved,7.8,102300000.0,Ed Wynn,Glynis Johns,2.0,0,0,0,0,0
543,Ordinary People,Robert Redford,Drama,124.0,1980.0,6000000.0,R,7.8,54800000.0,Adam Baldwin,Elizabeth McGovern,3.0,10,8,2,0,1
544,Ghost World,Terry Zwigoff,Comedy|Drama,111.0,2001.0,7000000.0,R,7.4,6200756.0,Scarlett Johansson,Steve Buscemi,0.0,23,21,1,1,1
545,Grabbers,Jon Wright,Comedy|Horror|Sci-Fi|Thriller,94.0,2012.0,4000000.0,Not Rated,6.3,,Russell Tovey,Richard Coyle,0.0,9,7,2,0,1
546,Dallas Buyers Club,Jean-Marc Vallée,Biography|Drama,117.0,2013.0,5000000.0,R,8.0,27296514.0,Matthew McConaughey,Jennifer Garner,0.0,42,28,14,0,1
547,Memento,Christopher Nolan,Mystery|Thriller,113.0,2000.0,9000000.0,R,8.5,25530884.0,Callum Rennie,Thomas Lennon,0.0,52,48,4,0,1
548,Friday the 13th Part VIII: Jason Takes Manhattan,Rob Hedden,Adventure|Horror,100.0,1989.0,5000000.0,R,4.5,14343976.0,Kane Hodder,Peter Mark Richman,0.0,0,0,0,0,0
549,Halloween: The Curse of Michael Myers,Joe Chappelle,Horror|Thriller,93.0,1995.0,5000000.0,R,4.9,15126948.0,Donald Pleasence,Kim Darby,0.0,0,0,0,0,0
550,Lone Star,John Sayles,Drama|Mystery,135.0,1996.0,5000000.0,R,7.6,13269963.0,Matthew McConaughey,Clifton James,2.0,5,4,1,0,1
551,April Fool's Day,Fred Walton,Horror|Mystery,89.0,1986.0,5000000.0,R,6.2,12947763.0,Thomas F. Wilson,Deborah Foreman,0.0,12,9,3,0,1
552,Diner,Barry Levinson,Comedy|Drama,110.0,1982.0,5000000.0,R,7.2,14100000.0,Steve Guttenberg,Daniel Stern,6.0,6,4,1,1,1
553,Sunshine Cleaning,Christine Jeffs,Comedy|Drama,91.0,2008.0,8000000.0,R,6.9,12055108.0,Clifton Collins Jr.,Mary Lynn Rajskub,0.0,17,10,7,0,1
554,Made,Jon Favreau,Comedy|Crime|Drama|Thriller,95.0,2001.0,5000000.0,R,6.4,5308707.0,Jon Favreau,Faizon Love,2.0,113,82,29,2,1
555,Moon,Duncan Jones,Drama|Mystery|Sci-Fi,97.0,2009.0,5000000.0,R,7.9,5009677.0,Kevin Spacey,Matt Berry,0.0,17,12,5,0,1
556,Heavenly Creatures,Peter Jackson,Biography|Crime|Drama|Romance|Thriller,108.0,1994.0,5000000.0,R,7.4,3049135.0,Kate Winslet,Jed Brophy,2.0,0,0,0,0,0
557,Light Sleeper,Paul Schrader,Crime|Drama,103.0,1992.0,5000000.0,R,6.8,1100000.0,Dana Delany,Jane Adams,0.0,23,19,3,1,1
558,Bottle Rocket,Wes Anderson,Comedy|Crime|Drama,91.0,1996.0,7000000.0,R,7.1,1040879.0,Andrew Wilson,Darryl Cox,0.0,39,31,8,0,1
559,Sling Blade,Billy Bob Thornton,Drama,148.0,1996.0,890000.0,R,8.0,24475416.0,Robert Duvall,Dwight Yoakam,0.0,13,4,4,5,1
560,Take Shelter,Jeff Nichols,Drama|Thriller,121.0,2011.0,5000000.0,R,7.4,1729969.0,Katy Mixon,Shea Whigham,0.0,5,2,3,0,1
561,Only God Forgives,Nicolas Winding Refn,Crime|Drama,90.0,2013.0,4800000.0,R,5.7,778565.0,Ryan Gosling,Kristin Scott Thomas,1.0,22,22,0,0,1
562,Fast Times at Ridgemont High,Amy Heckerling,Comedy|Drama,90.0,1982.0,4500000.0,X,7.2,,Jennifer Jason Leigh,Judge Reinhold,1.0,8,7,1,0,1
563,25th Hour,Spike Lee,Drama,108.0,2002.0,15000000.0,R,7.7,13060843.0,Philip Seymour Hoffman,Rosario Dawson,0.0,0,0,0,0,0
564,Bound,Lana Wachowski,Crime|Drama|Romance|Thriller,109.0,1996.0,4500000.0,R,7.4,3798532.0,Christopher Meloni,Kevin Michael Richardson,0.0,64,58,5,1,1
565,Donnie Darko,Richard Kelly,Drama|Sci-Fi|Thriller,133.0,2001.0,4500000.0,R,8.1,727883.0,Jake Gyllenhaal,Mary McDonnell,1.0,0,0,0,0,0
566,After.Life,Agnieszka Wojtowicz-Vosloo,Drama|Horror|Mystery|Thriller,104.0,2009.0,4500000.0,R,5.9,108229.0,Liam Neeson,Josh Charles,1.0,19,17,1,1,1
567,One Flew Over the Cuckoo's Nest,Milos Forman,Drama,133.0,1975.0,4400000.0,R,8.7,112000000.0,Scatman Crothers,Michael Berryman,0.0,5,5,0,0,1
568,Lost in Translation,Sofia Coppola,Drama,101.0,2003.0,4000000.0,R,7.8,44566004.0,Scarlett Johansson,Bill Murray,0.0,2,2,0,0,1
569,Annie Hall,Woody Allen,Comedy|Romance,93.0,1977.0,4000000.0,PG,8.1,39200000.0,Woody Allen,Carol Kane,0.0,0,0,0,0,0
570,Monster's Ball,Marc Forster,Drama|Romance,112.0,2001.0,4000000.0,R,7.1,31252964.0,Heath Ledger,Peter Boyle,1.0,0,0,0,0,0
571,Leaving Las Vegas,Mike Figgis,Drama|Romance,111.0,1995.0,3600000.0,R,7.6,31968347.0,Nicolas Cage,Valeria Golino,0.0,33,32,1,0,1
572,Boyhood,Richard Linklater,Drama,165.0,2014.0,4000000.0,R,8.0,25359200.0,Ellar Coltrane,Lorelei Linklater,0.0,40,28,9,3,1
573,Four Rooms,Allison Anders,Comedy|Fantasy,110.0,1995.0,4000000.0,R,6.7,4301331.0,Salma Hayek,Alicia Witt,6.0,50,44,4,2,1
574,Midnight Cowboy,John Schlesinger,Drama,113.0,1969.0,3600000.0,X,7.9,,Brenda Vaccaro,Barnard Hughes,2.0,1,0,0,1,1
575,Gods and Monsters,Bill Condon,Biography|Drama,105.0,1998.0,3500000.0,R,7.5,6390032.0,Brendan Fraser,Lynn Redgrave,2.0,11,8,3,0,1
576,Margin Call,J.C. Chandor,Biography|Drama|Thriller,107.0,2011.0,3500000.0,R,7.1,5354039.0,Kevin Spacey,Demi Moore,8.0,66,59,7,0,1
577,Beginners,Mike Mills,Comedy|Drama|Romance,105.0,2010.0,3200000.0,R,7.2,5776314.0,Goran Visnjic,Lou Taylor Pucci,4.0,5,5,0,0,1
578,Feast,John Gulager,Action|Comedy|Horror|Thriller,95.0,2005.0,3200000.0,R,6.4,,Krista Allen,Eric Dane,0.0,19,13,5,1,1
579,It's a Wonderful Life,Frank Capra,Drama|Family|Fantasy|Romance,118.0,1946.0,3180000.0,PG,8.6,,Donna Reed,Lionel Barrymore,0.0,0,0,0,0,0
580,Trainspotting,Danny Boyle,Drama,94.0,1996.0,3500000.0,R,8.2,16501785.0,Kelly Macdonald,Shirley Henderson,4.0,96,95,1,0,1
581,Days of Heaven,Terrence Malick,Drama|Romance,94.0,1978.0,3000000.0,PG,8.0,,Sam Shepard,Stuart Margolin,0.0,3,1,2,0,1
582,Basquiat,Julian Schnabel,Biography|Drama,108.0,1996.0,3300000.0,R,6.9,2961991.0,Gary Oldman,Michael Wincott,4.0,21,13,8,0,1
583,Timber Falls,Tony Giglio,Horror|Thriller,100.0,2007.0,2600000.0,R,5.3,,Brianna Brown,Nick Searcy,1.0,28,25,1,2,1
584,Garden State,Zach Braff,Comedy|Drama|Romance,102.0,2004.0,2500000.0,R,7.6,26781723.0,Armando Riesco,Michael Weston,3.0,57,49,8,0,1
585,Mad Max 2: The Road Warrior,George Miller,Action|Adventure|Sci-Fi|Thriller,87.0,1981.0,2000000.0,R,7.6,9003011.0,Vernon Wells,Bruce Spence,0.0,0,0,0,0,0
586,American Splendor,Shari Springer Berman,Biography|Comedy|Drama,101.0,2003.0,,R,7.5,6003587.0,Josh Hutcherson,James Urbaniak,0.0,6,2,4,0,1
587,Buried,Rodrigo Cortés,Drama|Mystery|Thriller,95.0,2010.0,3000000.0,R,7.0,1028658.0,Ryan Reynolds,Samantha Mathis,0.0,9,8,1,0,1
588,Beasts of the Southern Wild,Benh Zeitlin,Drama|Fantasy,93.0,2012.0,1800000.0,PG-13,7.3,12784397.0,Quvenzhané Wallis,Gina Montana,0.0,1,1,0,0,1
589,In the Bedroom,Todd Field,Crime|Drama,138.0,2001.0,1700000.0,R,7.5,35918429.0,Tom Wilkinson,Sissy Spacek,1.0,6,3,1,2,1
590,I Spit on Your Grave,Steven R. Monroe,Horror|Thriller,105.0,2010.0,2000000.0,R,6.3,92401.0,Sarah Butler,Chad Lindberg,0.0,33,20,11,2,1
591,From Here to Eternity,Fred Zinnemann,Drama|Romance|War,118.0,1953.0,1650000.0,Not Rated,7.8,,Montgomery Clift,Donna Reed,5.0,0,0,0,0,0
592,Kids,Larry Clark,Drama,91.0,1995.0,1500000.0,,7.0,7417210.0,Rosario Dawson,Leo Fitzpatrick,1.0,76,57,17,2,1
593,Insidious,James Wan,Fantasy|Horror|Mystery|Thriller,103.0,2010.0,1500000.0,PG-13,6.8,53991137.0,Lin Shaye,Barbara Hershey,1.0,9,7,1,1,1
594,Repo Man,Alex Cox,Comedy|Crime|Sci-Fi|Thriller,92.0,1984.0,1500000.0,R,6.9,,Del Zamora,Tracey Walter,3.0,66,43,23,0,1
595,Killing Zoe,Roger Avary,Crime|Drama|Thriller,99.0,1993.0,1500000.0,R,6.5,418953.0,Eric Stoltz,Salvator Xuereb,0.0,82,75,5,2,1
596,"Lock, Stock and Two Smoking Barrels",Guy Ritchie,Comedy|Crime,120.0,1998.0,960000.0,R,8.2,3650677.0,Jason Statham,Jason Flemyng,1.0,78,71,7,0,1
597,Saw,James Wan,Horror|Mystery|Thriller,103.0,2004.0,1200000.0,R,7.7,55153403.0,Michael Emerson,Monica Potter,0.0,23,19,4,0,1
598,Reservoir Dogs,Quentin Tarantino,Crime|Drama|Thriller,99.0,1992.0,1200000.0,R,8.4,2812029.0,Quentin Tarantino,Steve Buscemi,0.0,119,89,23,7,1
599,Grand Theft Parsons,David Caffrey,Adventure|Comedy|Drama,88.0,2003.0,,PG-13,6.1,,Marley Shelton,Scott Adsit,1.0,4,2,1,1,1
600,Casablanca,Michael Curtiz,Drama|Romance|War,82.0,1942.0,950000.0,PG,8.6,,Humphrey Bogart,Claude Rains,4.0,0,0,0,0,0
601,Rocky,John G. Avildsen,Drama|Sport,145.0,1976.0,960000.0,PG,8.1,117235247.0,Sylvester Stallone,Burgess Meredith,0.0,1,1,0,0,1
602,Taxi Driver,Martin Scorsese,Crime|Drama,110.0,1976.0,1300000.0,R,8.3,,Robert De Niro,Albert Brooks,1.0,19,17,2,0,1
603,Hellraiser,Clive Barker,Fantasy|Horror,86.0,1987.0,1000000.0,R,7.0,14564027.0,Andrew Robinson,Ashley Laurence,0.0,11,11,0,0,1
604,Blue Valentine,Derek Cianfrance,Drama|Romance,112.0,2010.0,3500000.0,R,7.4,9701559.0,Ryan Gosling,Mike Vogel,0.0,23,18,5,0,1
605,Martha Marcy May Marlene,Sean Durkin,Drama|Mystery|Thriller,102.0,2011.0,,R,6.9,2981638.0,Christopher Abbott,Julia Garner,0.0,13,11,2,0,1
606,Frozen River,Courtney Hunt,Crime|Drama,97.0,2008.0,1000000.0,R,7.2,2508841.0,Charlie McDermott,Michael O'Keefe,1.0,2,2,0,0,1
607,Jimmy and Judy,Randall Rubin,Crime|Drama|Thriller,99.0,2006.0,1000000.0,R,6.2,,Nicole Randall Johnson,A.J. Buckley,2.0,107,89,16,2,1
608,Fruitvale Station,Ryan Coogler,Biography|Drama|Romance,85.0,2013.0,900000.0,R,7.5,16097842.0,Ahna O'Reilly,Melonie Diaz,0.0,79,55,17,7,1
609,Celeste & Jesse Forever,Lee Toland Krieger,Comedy|Drama|Romance,92.0,2012.0,,R,6.7,3094687.0,Ari Graynor,Janel Parrish,2.0,0,0,0,0,0
610,American Graffiti,George Lucas,Comedy|Drama|Music,112.0,1973.0,777000.0,PG,7.5,115000000.0,Harrison Ford,Ron Howard,1.0,1,0,1,0,1
611,Napoleon Dynamite,Jared Hess,Comedy,92.0,2004.0,400000.0,PG,6.9,44540956.0,Jon Heder,Diedrich Bader,0.0,0,0,0,0,0
612,It Happened One Night,Frank Capra,Comedy|Romance,65.0,1934.0,325000.0,Unrated,8.2,,Claudette Colbert,Alan Hale,1.0,0,0,0,0,0
613,It Happened One Night,Frank Capra,Comedy|Romance,65.0,1934.0,325000.0,Unrated,8.2,,Claudette Colbert,Alan Hale,1.0,0,0,0,0,0
614,Chasing Amy,Kevin Smith,Comedy|Drama|Romance,113.0,1997.0,250000.0,R,7.3,12006514.0,Matt Damon,Ethan Suplee,5.0,136,100,21,15,1
615,Cube,Vincenzo Natali,Mystery|Sci-Fi|Thriller,90.0,1997.0,365000.0,R,7.3,489220.0,David Hewlett,Julian Richings,0.0,23,23,0,0,1
616,Swingers,Doug Liman,Comedy|Drama,96.0,1996.0,200000.0,R,7.4,4505922.0,Jon Favreau,Alex Désert,0.0,22,11,8,3,1
617,Pi,Darren Aronofsky,Drama|Mystery|Thriller,84.0,1998.0,60000.0,R,7.5,3216970.0,Mark Margolis,Clint Mansell,0.0,11,10,1,0,1
618,Clerks,Kevin Smith,Comedy,102.0,1994.0,230000.0,R,7.8,3151130.0,Jason Mewes,Brian O'Halloran,4.0,85,69,16,0,1
619,El Mariachi,Robert Rodriguez,Action|Crime|Drama|Romance|Thriller,81.0,1992.0,7000.0,R,6.9,2040920.0,Carlos Gallardo,Peter Marquardt,0.0,0,0,0,0,0
