title,Swear_Count,Fuck_Count,Shit_Count,Bitch_Count,Cunt_Count,Profanity
10 Things I Hate About You,15,3,6,6,0,True
12,2,2,0,0,0,True
12 and Holding,21,10,10,1,0,True
12 Monkeys,17,11,4,2,0,True
12 Years a Slave,1,0,0,1,0,True
127 Hours,24,19,5,0,0,True
1492: Conquest of Paradise,0,0,0,0,0,[]
15 Minutes,29,15,14,0,0,True
17 Again,2,0,1,1,0,True
187,47,24,14,9,0,True
2001: A Space Odyssey,0,0,0,0,0,[]
2012,7,1,6,0,0,True
25th Hour,0,0,0,0,0,[]
28 Days Later,60,46,10,0,4,True
30 Minutes or Less,243,169,63,11,0,True
42,4,0,2,2,0,True
44 Inch Chest,96,64,4,1,27,True
48 Hrs.,54,23,25,6,0,True
50-50,40,23,15,2,0,True
500 Days of Summer,32,11,18,3,0,True
8 Mile,0,0,0,0,0,[]
8MM,45,39,4,0,2,True
9,0,0,0,0,0,[]
A Few Good Men,14,5,9,0,0,True
A Most Violent Year,32,27,5,0,0,True
A Prayer Before Dawn,25,20,4,0,1,True
A Quiet Place,0,0,0,0,0,[]
A Scanner Darkly,85,64,21,0,0,True
A Serious Man,21,17,4,0,0,True
A.I.,0,0,0,0,0,[]
Above the Law,23,18,5,0,0,True
Absolute Power,15,9,5,1,0,True
"Abyss, The",17,1,10,6,0,True
Ace Ventura: Pet Detective,0,0,0,0,0,[]
Adaptation,45,34,10,1,0,True
"Addams Family, The",0,0,0,0,0,[]
"Adjustment Bureau, The",12,6,5,1,0,True
"Adventures of Buckaroo Banzai Across the Eighth Dimension, The",5,0,5,0,0,True
Affliction,66,52,13,1,0,True
After School Special,12,1,11,0,0,True
After.Life,25,19,5,1,0,True
Agnes of God,1,0,0,1,0,True
Air Force One,20,12,7,1,0,True
Airplane,3,0,3,0,0,True
Airplane 2: The Sequel,0,0,0,0,0,[]
Aladdin,0,0,0,0,0,[]
Ali,8,7,1,0,0,True
Alien,3,1,2,0,0,True
Alien 3,11,5,6,0,0,True
Alien Nation,15,1,12,2,0,True
Alien vs. Predator,22,10,12,0,0,True
Alien: Resurrection,0,0,0,0,0,[]
Aliens,30,19,8,3,0,True
All About Eve,0,0,0,0,0,[]
All About Steve,2,0,1,1,0,True
All the King's Men,0,0,0,0,0,[]
All the President's Men,19,14,4,1,0,True
Almost Famous,29,25,3,1,0,True
Alone in the Dark,2,1,1,0,0,True
Amadeus,7,2,5,0,0,True
Amelia,2,1,1,0,0,True
American Beauty,32,21,9,1,1,True
American Gangster,54,48,5,1,0,True
American Graffiti,4,0,4,0,0,True
American History X,158,105,44,9,0,True
American Hustle,111,89,17,5,0,True
American Madness,0,0,0,0,0,[]
American Milkshake,44,25,19,0,0,True
American Outlaws,2,0,2,0,0,True
American Pie,41,19,22,0,0,True
"American President, The",6,3,3,0,0,True
American Psycho,50,36,4,10,0,True
American Shaolin: King of Kickboxers II,0,0,0,0,0,[]
American Sniper,62,37,23,2,0,True
American Splendor,15,2,12,1,0,True
American Werewolf in London,13,7,6,0,0,True
"American, The",13,8,5,0,0,True
"Amityville Asylum, The",36,28,8,0,0,True
Amour,1,1,0,0,0,True
An Education,0,0,0,0,0,[]
Analyze That,44,24,18,2,0,True
Analyze This,41,29,12,0,0,True
Anastasia,0,0,0,0,0,[]
Angel Eyes,10,1,7,2,0,True
Angels & Demons,0,0,0,0,0,[]
Anna Karenina,0,0,0,0,0,[]
Annie Hall,0,0,0,0,0,[]
"Anniversary Party, The",71,56,13,2,0,True
Anonymous,0,0,0,0,0,[]
Antitrust,4,0,4,0,0,True
Antz,0,0,0,0,0,[]
"Apartment, The",0,0,0,0,0,[]
Apocalypse Now,37,17,14,6,0,True
Apollo 13,0,0,0,0,0,[]
April Fool's Day,20,12,8,0,0,True
Apt Pupil,40,36,3,1,0,True
Arbitrage,51,48,2,1,0,True
Arcade,26,17,7,2,0,True
Arctic Blue,30,18,11,1,0,True
Argo,24,22,2,0,0,True
Armageddon,14,4,9,1,0,True
Army of Darkness,2,0,1,1,0,True
Arsenic and Old Lace,0,0,0,0,0,[]
Arthur,23,9,11,2,1,True
"Artist, The",0,0,0,0,0,[]
As Good As It Gets,8,5,2,1,0,True
Assassins,86,64,17,5,0,True
"Assignment, The",58,33,17,7,1,True
At First Sight,6,2,4,0,0,True
August: Osage County,0,0,0,0,0,[]
Austin Powers - International Man of Mystery,1,0,1,0,0,True
Austin Powers - The Spy Who Shagged Me,4,0,3,1,0,True
Authors Anonymous,3,0,3,0,0,True
Autumn in New York,6,1,4,1,0,True
Avatar,18,1,11,6,0,True
"Avengers, The",0,0,0,0,0,[]
"Avengers, The (2012)",24,13,10,1,0,True
"Avventura, L' (The Adventure)",0,0,0,0,0,[]
Awakenings,0,0,0,0,0,[]
Babel,23,19,4,0,0,True
Bachelor Party,13,2,9,2,0,True
"Bachelor Party, The",0,0,0,0,0,[]
Back to the Future,0,0,0,0,0,[]
Back to the Future II & III,0,0,0,0,0,[]
"Back-up Plan, The",24,15,8,1,0,True
Backdraft,49,26,13,10,0,True
Bad Boys,66,39,26,1,0,True
Bad Country,60,44,15,1,0,True
Bad Day at Black Rock,0,0,0,0,0,[]
Bad Dreams,21,13,8,0,0,True
Bad Lieutenant,77,63,14,0,0,True
Bad Santa,129,90,33,6,0,True
Bad Teacher,34,20,11,2,1,True
Badlands,0,0,0,0,0,[]
Bamboozled,4,1,1,2,0,True
Barry Lyndon,0,0,0,0,0,[]
Barton Fink,8,1,4,3,0,True
Basic,59,45,11,3,0,True
Basic Instinct,33,29,3,1,0,True
Basquiat,26,13,13,0,0,True
Batman,4,0,4,0,0,True
Batman 2,11,1,6,4,0,True
Batman and Robin,0,0,0,0,0,[]
Batman Begins,0,0,0,0,0,[]
Batman Forever,0,0,0,0,0,[]
Batman Returns,0,0,0,0,0,[]
"Battle of Algiers, The",2,0,1,1,0,True
"Battle of Shaker Heights, The",23,16,5,2,0,True
Battle: Los Angeles,0,0,0,0,0,[]
"Beach, The",23,17,6,0,0,True
Bean,1,0,1,0,0,True
Beasts of No Nation,2,2,0,0,0,True
Beasts of the Southern Wild,4,1,2,1,0,True
Beauty and the Beast,0,0,0,0,0,[]
Beavis and Butt-head Do America,0,0,0,0,0,[]
Beginners,6,6,0,0,0,True
Being Human,4,3,1,0,0,True
Being John Malkovich,27,13,10,2,2,True
Being There,4,1,0,3,0,True
"Believer, The",47,37,10,0,0,True
Belle,0,0,0,0,0,[]
Beloved,2,0,1,1,0,True
Benny & Joon,0,0,0,0,0,[]
"Best Exotic Marigold Hotel, The",2,2,0,0,0,True
Big,2,1,1,0,0,True
"Big Blue, The",5,1,2,2,0,True
Big Eyes,5,1,2,2,0,True
Big Fish,5,0,4,1,0,True
"Big Lebowski, The",247,218,27,2,0,True
"Big Sick, The",58,51,7,0,0,True
"Big White, The",21,14,6,1,0,True
Birdman,108,76,31,1,0,True
"Birds, The",0,0,0,0,0,[]
Birthday Girl,13,12,1,0,0,True
"Black Dahlia, The",53,38,9,4,2,True
Black Panther,7,0,7,0,0,True
Black Rain,8,1,6,1,0,True
Black Snake Moan,62,22,36,4,0,True
Black Swan,20,19,1,0,0,True
BlacKkKlansman,32,14,14,3,1,True
Blade,12,8,4,0,0,True
Blade II,46,32,10,4,0,True
Blade Runner,10,7,3,0,0,True
Blade: Trinity,0,0,0,0,0,[]
"Blast from the Past, The",8,1,5,2,0,True
"Blind Side, The",4,0,1,3,0,True
"Bling Ring, The",34,25,6,3,0,True
Blood and Wine,18,15,3,0,0,True
Blood Simple,10,7,3,0,0,True
Blow,103,87,14,2,0,True
Blue Valentine,30,21,8,1,0,True
Blue Velvet,40,27,10,3,0,True
"Blues Brothers, The",0,0,0,0,0,[]
"Bodies, Rest & Motion",0,0,0,0,0,[]
Body Heat,11,5,6,0,0,True
Body of Evidence,9,5,1,3,0,True
Bodyguard,29,19,5,5,0,True
Bones,47,18,25,4,0,True
Bonfire of the Vanities,45,24,15,6,0,True
Bonnie and Clyde,2,1,0,1,0,True
Boogie Nights,113,88,20,4,1,True
"Book of Eli, The",24,14,7,3,0,True
Boondock Saints 2: All Saints Day,0,0,0,0,0,[]
"Boondock Saints, The",147,101,42,4,0,True
Bottle Rocket,54,36,16,2,0,True
Bound,100,73,20,6,1,True
"Bounty Hunter, The",39,19,12,8,0,True
"Bourne Identity, The",44,25,19,0,0,True
"Bourne Supremacy, The",0,0,0,0,0,[]
"Bourne Ultimatum, The",2,1,1,0,0,True
"Box, The",1,0,1,0,0,True
"Boxtrolls, The",0,0,0,0,0,[]
Boyhood,50,31,12,7,0,True
Braveheart,0,0,0,0,0,[]
Brazil,11,3,7,1,0,True
Break,3,0,3,0,0,True
Breakdown,26,19,6,1,0,True
"Breakfast Club, The",40,15,19,6,0,True
Breaking Away,2,0,2,0,0,True
Brick,0,0,0,0,0,[]
Bridesmaids,33,6,23,3,1,True
Bringing Out the Dead,18,9,8,1,0,True
Broadcast News,7,5,2,0,0,True
Broken Arrow,9,2,6,1,0,True
Broken Embraces,9,6,1,2,0,True
"Brothers Bloom, The",23,7,11,5,0,True
Bruce Almighty,1,0,1,0,0,True
Buffy the Vampire Slayer,11,2,3,6,0,True
Bull Durham,47,23,20,4,0,True
Buried,15,8,5,2,0,True
Burlesque,22,0,16,6,0,True
Burn After Reading,68,49,16,3,0,True
Burning Annie,25,8,16,1,0,True
"Butterfly Effect, The",46,29,15,2,0,True
Cable Guy,6,0,3,3,0,True
Candle to Water,75,54,11,10,0,True
Capote,2,2,0,0,0,True
Carrie,17,3,13,1,0,True
Cars 2,0,0,0,0,0,[]
Casablanca,0,0,0,0,0,[]
Case 39,4,3,1,0,0,True
Casino,186,149,31,5,1,True
Cast Away,33,19,13,1,0,True
Catch Me If You Can,14,7,5,2,0,True
Catwoman,0,0,0,0,0,[]
Cecil B. Demented,40,33,2,5,0,True
Cedar Rapids,53,34,17,0,2,True
Celeste & Jesse Forever,0,0,0,0,0,[]
"Cell, The",15,8,2,2,3,True
Cellular,32,2,23,7,0,True
"Change-Up, The",152,122,25,4,1,True
Changeling,4,4,0,0,0,True
Chaos,27,8,17,1,1,True
Charade,0,0,0,0,0,[]
Charlie's Angels,12,2,7,3,0,True
Chasing Amy,168,108,41,19,0,True
Chasing Sleep,23,11,6,6,0,True
Cherry Falls,37,29,8,0,0,True
Chinatown,10,1,2,7,0,True
Christ Complex,30,29,1,0,0,True
Chronicle,110,83,26,1,0,True
"Chronicles of Narnia: The Lion, the Witch and the Wardrobe",0,0,0,0,0,[]
"Cider House Rules, The",2,0,2,0,0,True
"Cincinnati Kid, The",2,0,0,2,0,True
Cinema Paradiso,10,8,2,0,0,True
Cirque du Freak: The Vampire's Assistant,0,0,0,0,0,[]
Citizen Kane,0,0,0,0,0,[]
City of Joy,0,0,0,0,0,[]
Clash of the Titans,1,0,1,0,0,True
Clerks,118,78,35,2,3,True
Cliffhanger,26,20,3,3,0,True
"Clockwork Orange, A",0,0,0,0,0,[]
Clueless,11,0,10,1,0,True
Cobb,53,33,12,8,0,True
Coco,0,0,0,0,0,[]
Code of Silence,24,12,12,0,0,True
Cold Mountain,10,3,6,1,0,True
Collateral,0,0,0,0,0,[]
Collateral Damage,24,12,10,2,0,True
Colombiana,28,13,7,8,0,True
Color of Night,69,46,17,5,1,True
Commando,0,0,0,0,0,[]
Conan the Barbarian,0,0,0,0,0,[]
Confessions of a Dangerous Mind,66,56,8,2,0,True
Confidence,71,48,20,3,0,True
Constantine,16,2,13,1,0,True
Contact,0,0,0,0,0,[]
"Cooler, The",70,53,14,3,0,True
Copycat,26,13,5,8,0,True
Coraline,0,0,0,0,0,[]
Coriolanus,0,0,0,0,0,[]
Courage Under Fire,0,0,0,0,0,[]
Cowboys & Aliens,0,0,0,0,0,[]
Cradle 2 the Grave,46,24,19,3,0,True
Crank,75,31,31,13,0,True
Crash,3,2,0,1,0,True
"Crazy, Stupid, Love",14,5,8,1,0,True
Crazylove,10,8,0,2,0,True
Creation,2,0,2,0,0,True
Crime Spree,22,13,8,1,0,True
"Croods, The",0,0,0,0,0,[]
"Crouching Tiger, Hidden Dragon",0,0,0,0,0,[]
Croupier,30,18,10,2,0,True
"Crow Salvation, The",43,32,8,3,0,True
"Crow, The",36,23,9,4,0,True
"Crow: City of Angels, The",0,0,0,0,0,[]
Cruel Intentions,50,31,14,5,0,True
Crying Game,78,64,2,7,5,True
Cube,26,24,1,1,0,True
"Curious Case of Benjamin Button, The",7,2,5,0,0,True
Custody,5,2,2,1,0,True
Dallas Buyers Club,60,32,24,4,0,True
"Damned United, The",58,57,1,0,0,True
Dances with Wolves,2,0,0,2,0,True
"Danish Girl, The",0,0,0,0,0,[]
Dark City,5,1,4,0,0,True
"Dark Knight Rises, The",2,0,0,2,0,True
"Dark Knight, The",0,0,0,0,0,[]
Dark Star,4,3,1,0,0,True
Darkman,12,7,1,4,0,True
Date Night,14,2,9,3,0,True
Dave Barry's Complete Guide to Guys,7,0,7,0,0,True
Dawn of the Dead,10,2,6,2,0,True
Day of the Dead,15,4,11,0,0,True
"Day the Clown Cried, The",0,0,0,0,0,[]
"Day the Earth Stood Still, The",0,0,0,0,0,[]
Days of Heaven,6,1,5,0,0,True
Dead Poets Society,1,0,1,0,0,True
Deadpool,43,24,18,1,0,True
Dear White People,51,30,12,9,0,True
Death at a Funeral,23,3,20,0,0,True
Death to Smoochy,44,35,9,0,0,True
"Debt, The",26,23,3,0,0,True
Deception,8,6,2,0,0,True
Deep Cover,50,28,17,5,0,True
Deep Rising,26,4,21,1,0,True
"Deer Hunter, The",45,33,10,2,0,True
Defiance,23,6,16,1,0,True
"Departed, The",150,130,15,2,3,True
"Descendants, The",34,21,11,2,0,True
Despicable Me 2,0,0,0,0,0,[]
Detroit Rock City,48,21,23,4,0,True
Devil in a Blue Dress,11,4,7,0,0,True
"Devil Wears Prada, The",3,0,3,0,0,True
Devil's Advocate,55,46,6,3,0,True
Die Hard,30,23,7,0,0,True
Die Hard 2,56,41,15,0,0,True
Diner,12,4,7,1,0,True
"Distinguished Gentleman, The",25,8,15,2,0,True
Disturbia,28,2,24,2,0,True
Django Unchained,37,20,13,4,0,True
Do The Right Thing,73,48,24,1,0,True
Dog Day Afternoon,47,28,15,3,1,True
Dogma,120,66,42,12,0,True
Donnie Brasco,209,202,6,1,0,True
Donnie Darko,0,0,0,0,0,[]
"Doors, The",114,92,18,0,4,True
Double Indemnity,0,0,0,0,0,[]
Drag Me to Hell,6,3,0,3,0,True
Dragonslayer,0,0,0,0,0,[]
Drive,42,41,0,0,1,True
Drive Angry,77,59,10,8,0,True
Drop Dead Gorgeous,11,2,3,6,0,True
"Dry White Season, A",8,3,4,0,1,True
Duck Soup,0,0,0,0,0,[]
Dumb and Dumber,12,3,7,2,0,True
Dune,0,0,0,0,0,[]
E.T.,0,0,0,0,0,[]
Eagle Eye,42,21,21,0,0,True
Eastern Promises,38,33,0,5,0,True
Easy A,48,35,4,6,3,True
Ed TV,5,0,5,0,0,True
Ed Wood,15,8,6,1,0,True
Edward Scissorhands,1,0,1,0,0,True
Eight Legged Freaks,5,1,3,1,0,True
El Mariachi,0,0,0,0,0,[]
Election,14,10,0,3,1,True
"Elephant Man, The",0,0,0,0,0,[]
Elizabeth: The Golden Age,0,0,0,0,0,[]
Enemy of the State,27,19,8,0,0,True
"English Patient, The",9,8,0,1,0,True
Enough,6,3,2,1,0,True
Entrapment,36,18,16,2,0,True
Equilibrium,0,0,0,0,0,[]
Erik the Viking,0,0,0,0,0,[]
Erin Brockovich,62,31,26,5,0,True
Escape From L.A.,16,3,13,0,0,True
Escape From New York,12,3,7,2,0,True
Eternal Sunshine of the Spotless Mind,42,29,13,0,0,True
Even Cowgirls Get the Blues,13,3,8,2,0,True
Event Horizon,15,11,3,1,0,True
Evil Dead,2,0,2,0,0,True
Evil Dead II: Dead by Dawn,0,0,0,0,0,[]
Ex Machina,31,27,4,0,0,True
Excalibur,0,0,0,0,0,[]
Executive Decision,0,0,0,0,0,[]
eXistenZ,0,0,0,0,0,[]
Extract,18,0,18,0,0,True
Eyes Wide Shut,0,0,0,0,0,[]
"Fabulous Baker Boys, The",34,27,7,0,0,True
Face Off,19,13,6,0,0,True
Fair Game,22,20,1,1,0,True
"Family Man, The",4,1,3,0,0,True
Fantastic Four,0,0,0,0,0,[]
Fantastic Mr Fox,0,0,0,0,0,[]
Fargo,39,36,2,1,0,True
Fast Times at Ridgemont High,16,9,7,0,0,True
Fatal Instinct,3,0,3,0,0,True
"Fault in Our Stars, The",9,3,6,0,0,True
Fear and Loathing in Las Vegas,63,44,16,3,0,True
Feast,40,18,18,3,1,True
Ferris Bueller's Day Off,25,0,24,1,0,True
Field of Dreams,9,4,4,1,0,True
"Fifth Element, The",16,8,7,1,0,True
Fight Club,48,32,12,4,0,True
"Fighter, The",34,23,10,1,0,True
Final Destination,25,20,5,0,0,True
Final Destination 2,36,19,14,3,0,True
Finding Nemo,0,0,0,0,0,[]
Five Easy Pieces,13,1,10,2,0,True
Flash Gordon,1,0,0,1,0,True
Fletch,0,0,0,0,0,[]
Flight,76,54,18,4,0,True
"Flintstones, The",0,0,0,0,0,[]
Forrest Gump,11,3,7,1,0,True
Four Feathers,0,0,0,0,0,[]
Four Rooms,60,48,8,4,0,True
Foxcatcher,10,6,4,0,0,True
Fracture,7,2,4,1,0,True
Frances,14,7,3,4,0,True
Frankenstein,0,0,0,0,0,[]
Frankenweenie,0,0,0,0,0,[]
Freaked,15,3,12,0,0,True
Freddy vs. Jason,53,5,6,42,0,True
"French Connection, The",12,2,9,1,0,True
Frequency,20,16,4,0,0,True
Friday the 13th,4,2,2,0,0,True
Friday the 13th Part VIII: Jason Takes Manhattan,0,0,0,0,0,[]
Fright Night,33,17,14,2,0,True
Fright Night (1985),4,3,1,0,0,True
From Dusk Till Dawn,85,46,36,3,0,True
From Here to Eternity,0,0,0,0,0,[]
Frozen,53,28,25,0,0,True
Frozen (Disney),0,0,0,0,0,[]
Frozen River,12,2,6,4,0,True
Fruitvale Station,106,62,32,12,0,True
"Fugitive, The",2,0,2,0,0,True
Full Metal Jacket,0,0,0,0,0,[]
Funny People,148,95,49,4,0,True
Fury,0,0,0,0,0,[]
G.I. Jane,22,12,9,1,0,True
G.I. Joe: The Rise of Cobra,0,0,0,0,0,[]
Game 6,2,0,1,1,0,True
"Game, The",62,43,16,3,0,True
Gamer,61,34,21,5,1,True
Gandhi,0,0,0,0,0,[]
Gang Related,64,29,34,1,0,True
Gangs of New York,2,0,0,2,0,True
Garden State,80,57,17,5,1,True
Gattaca,3,2,1,0,0,True
Get Carter,12,2,6,4,0,True
Get Low,4,1,1,2,0,True
Get on Up,21,4,16,1,0,True
Get Out,49,24,23,2,0,True
Get Shorty,0,0,0,0,0,[]
"Getaway, The",0,0,0,0,0,[]
Ghost,9,4,4,1,0,True
"Ghost and the Darkness, The",4,2,1,1,0,True
Ghost Rider,51,44,7,0,0,True
Ghost Ship,25,16,6,3,0,True
Ghost World,30,21,5,3,1,True
Ghostbusters,0,0,0,0,0,[]
Ghostbusters 2,1,0,1,0,0,True
Ginger Snaps,0,0,0,0,0,[]
"Girl with the Dragon Tattoo, The",8,8,0,0,0,True
Gladiator,1,0,1,0,0,True
Glengarry Glen Gross,137,118,17,0,2,True
Go,88,58,26,4,0,True
Godfather,2,0,0,2,0,True
Godfather Part II,5,2,1,2,0,True
"Godfather Part III, The",13,3,8,1,1,True
Gods and Monsters,18,11,5,2,0,True
Godzilla,1,0,1,0,0,True
Gone Baby Gone,75,49,19,6,1,True
Gone in 60 Seconds,35,9,26,0,0,True
"Good Girl, The",7,4,3,0,0,True
Good Will Hunting,51,34,14,3,0,True
Goodfellas,0,0,0,0,0,[]
Gothika,20,12,6,2,0,True
Grabbers,20,9,9,1,1,True
"Graduate, The",0,0,0,0,0,[]
Gran Torino,55,30,11,14,0,True
Grand Hotel,0,0,0,0,0,[]
Grand Theft Parsons,14,2,8,4,0,True
"Grapes of Wrath, The",0,0,0,0,0,[]
Gravity,6,1,4,1,0,True
"Great Gatsby, The",1,0,0,1,0,True
"Green Mile, The",24,12,7,5,0,True
Gremlins,3,1,1,1,0,True
Gremlins 2,1,0,1,0,0,True
"Grifters, The",8,3,4,1,0,True
Grosse Point Blank,19,18,1,0,0,True
Groundhog Day,1,0,1,0,0,True
"Grudge, The",0,0,0,0,0,[]
Guardians of the Galaxy Vol 2,3,0,3,0,0,True
Hackers,20,1,18,1,0,True
Hall Pass,6,1,5,0,0,True
Halloween,26,11,11,4,0,True
Halloween: The Curse of Michael Myers,0,0,0,0,0,[]
Hancock,37,21,14,2,0,True
"Hangover, The",13,3,8,2,0,True
Hanna,13,7,5,1,0,True
Hannah and Her Sisters,1,1,0,0,0,True
Hannibal,2,2,0,0,0,True
"Happy Birthday, Wanda June",18,6,5,7,0,True
Happy Feet,0,0,0,0,0,[]
Hard Rain,12,2,9,1,0,True
Hard to Kill,28,17,10,1,0,True
Harold and Kumar Go to White Castle,106,53,51,2,0,True
Harry Potter and the Chamber of Secrets,0,0,0,0,0,[]
Harry Potter and the Deathly Hallows Part 1,0,0,0,0,0,[]
Harry Potter and the Goblet of Fire,0,0,0,0,0,[]
Harry Potter and the Half-Blood Prince,0,0,0,0,0,[]
Harry Potter and the Prisoner of Azkaban,0,0,0,0,0,[]
Harry Potter and the Sorcerer's Stone,0,0,0,0,0,[]
"Haunting, The",7,3,3,1,0,True
He's Just Not That Into You,16,1,15,0,0,True
Heat,51,42,6,3,0,True
Heathers,54,27,19,7,1,True
Heavenly Creatures,0,0,0,0,0,[]
Heavy Metal,6,1,3,2,0,True
"Hebrew Hammer, The",20,7,11,2,0,True
Heist,17,13,3,1,0,True
Hellbound: Hellraiser II,0,0,0,0,0,[]
Hellboy,0,0,0,0,0,[]
Hellboy 2: The Golden Army,0,0,0,0,0,[]
Hellraiser,21,11,8,2,0,True
Hellraiser 3: Hell on Earth,0,0,0,0,0,[]
Hellraiser: Deader,0,0,0,0,0,[]
Hellraiser: Hellseeker,0,0,0,0,0,[]
"Help, The",6,0,6,0,0,True
Henry Fool,25,14,11,0,0,True
Henry's Crime,20,10,8,2,0,True
Her,33,28,5,0,0,True
Hesher,88,68,18,2,0,True
High Fidelity,68,59,9,0,0,True
Highlander,3,0,1,2,0,True
Highlander: Endgame,0,0,0,0,0,[]
"Hills Have Eyes, The",11,7,3,1,0,True
His Girl Friday,0,0,0,0,0,[]
Hitchcock,0,0,0,0,0,[]
"Hitchhiker's Guide to the Galaxy, The",1,0,1,0,0,True
Hollow Man,32,15,17,0,0,True
Honeydripper,1,0,1,0,0,True
Horrible Bosses,60,40,16,4,0,True
"Horse Whisperer, The",8,1,7,0,0,True
"Hospital, The",7,1,1,5,0,True
Hostage,62,45,16,1,0,True
Hot Tub Time Machine,76,54,21,1,0,True
Hotel Rwanda,9,7,2,0,0,True
House of 1000 Corpses,105,76,21,8,0,True
How to Lose Friends & Alienate People,0,0,0,0,0,[]
How to Train Your Dragon,0,0,0,0,0,[]
How to Train Your Dragon 2,0,0,0,0,0,[]
Hudson Hawk,24,14,8,2,0,True
"Hudsucker Proxy, The",0,0,0,0,0,[]
Human Nature,24,13,5,5,1,True
"Hunt for Red October, The",3,3,0,0,0,True
"Hurt Locker, The",44,28,16,0,0,True
I Am Number Four,1,0,1,0,0,True
I am Sam,2,1,1,0,0,True
I Love You Phillip Morris,44,32,8,4,0,True
I Spit on Your Grave,53,21,22,9,1,True
I Still Know What You Did Last Summer,0,0,0,0,0,[]
I'll Do Anything,20,9,11,0,0,True
"I, Robot",2,0,2,0,0,True
"Ice Storm, The",19,3,16,0,0,True
"Ides of March, The",62,49,13,0,0,True
"Imaginarium of Doctor Parnassus, The",3,1,1,1,0,True
In the Bedroom,10,4,3,3,0,True
In the Loop,168,140,24,2,2,True
Inception,1,0,1,0,0,True
"Incredibles, The",0,0,0,0,0,[]
Independence Day,6,2,3,1,0,True
Indiana Jones and the Last Crusade,0,0,0,0,0,[]
Indiana Jones and the Raiders of the Lost Ark,1,0,1,0,0,True
Indiana Jones and the Temple of Doom,0,0,0,0,0,[]
Indiana Jones IV,2,0,0,2,0,True
"Informant, The",17,10,7,0,0,True
Inglourious Basterds,35,28,4,2,1,True
Innerspace,0,0,0,0,0,[]
"Insider, The",39,36,3,0,0,True
Insidious,14,8,3,2,1,True
Insomnia,27,18,8,1,0,True
Interstellar,0,0,0,0,0,[]
Interview with the Vampire,3,0,3,0,0,True
Into the Wild,6,2,4,0,0,True
Into the Woods,0,0,0,0,0,[]
Intolerable Cruelty,6,1,4,1,0,True
Inventing the Abbotts,30,15,15,0,0,True
"Invention of Lying, The",29,18,8,3,0,True
Invictus,1,0,1,0,0,True
"Iron Lady, The",0,0,0,0,0,[]
"Island, The",20,18,2,0,0,True
It,24,9,15,0,0,True
It Happened One Night,0,0,0,0,0,[]
It Happened One Night,0,0,0,0,0,[]
It's a Wonderful Life,0,0,0,0,0,[]
It's Complicated,2,0,1,1,0,True
"Italian Job, The",18,5,13,0,0,True
"Jacket, The",22,15,7,0,0,True
Jackie Brown,111,55,50,6,0,True
Jacob's Ladder,31,15,13,3,0,True
Jade,0,0,0,0,0,[]
Jane Eyre,0,0,0,0,0,[]
Jason X,59,17,33,8,1,True
Jaws,1,0,1,0,0,True
Jaws 2,14,0,12,2,0,True
Jay and Silent Bob Strike Back,250,161,61,28,0,True
Jennifer Eight,67,45,20,2,0,True
Jennifer's Body,33,17,12,4,0,True
Jerry Maguire,23,14,8,1,0,True
Jeux Interdits,0,0,0,0,0,[]
JFK,36,23,10,3,0,True
Jimmy and Judy,139,101,31,7,0,True
John Q,13,1,8,4,0,True
John Wick,29,26,2,1,0,True
Joker,45,33,11,1,0,True
Judge Dredd,10,7,1,2,0,True
Juno,10,2,6,2,0,True
Jurassic Park,8,0,8,0,0,True
Jurassic Park III,2,0,2,0,0,True
Jurassic Park: The Lost World,0,0,0,0,0,[]
Kafka,0,0,0,0,0,[]
Kalifornia,34,21,9,4,0,True
Kate & Leopold,0,0,0,0,0,[]
Kids,116,67,37,12,0,True
"Kids Are All Right, The",34,26,7,1,0,True
Kill Bill Volume 1 & 2,0,0,0,0,0,[]
Kill Your Darlings,17,11,4,2,0,True
Killing Zoe,98,79,16,3,0,True
King Kong,0,0,0,0,0,[]
"King of Comedy, The",0,0,0,0,0,[]
"King's Speech, The",7,4,3,0,0,True
"Kingdom, The",15,12,3,0,0,True
Kiss of the Spider Woman,0,0,0,0,0,[]
Klute,3,0,0,3,0,True
Knocked Up,136,89,41,5,1,True
Kramer vs Kramer,11,2,7,2,0,True
Kundun,0,0,0,0,0,[]
Kung Fu Panda,0,0,0,0,0,[]
L.A. Confidential,37,28,8,0,1,True
La La Land,7,3,4,0,0,True
Labor of Love,9,2,6,1,0,True
Labyrinth,0,0,0,0,0,[]
"Ladykillers, The",54,34,14,6,0,True
Lake Placid,14,9,5,0,0,True
Land of the Dead,36,28,8,0,0,True
Larry Crowne,4,1,2,1,0,True
"Last Boy Scout, The",175,116,42,17,0,True
Last Chance Harvey,9,3,6,0,0,True
"Last Flight, The",0,0,0,0,0,[]
"Last of the Mohicans, The",0,0,0,0,0,[]
"Last Samurai, The",5,2,2,1,0,True
"Last Station, The",1,0,0,1,0,True
Last Tango in Paris,29,18,9,0,2,True
Law Abiding Citizen,62,37,22,3,0,True
Le Diable par la Queue,0,0,0,0,0,[]
Leaving Las Vegas,37,35,2,0,0,True
Legally Blonde,7,2,1,4,0,True
Legend,0,0,0,0,0,[]
Legion,51,37,9,4,1,True
"LEGO Movie, The",0,0,0,0,0,[]
Les Miserables,2,0,1,1,0,True
Les Tontons Flingueurs,0,0,0,0,0,[]
Lethal Weapon,0,0,0,0,0,[]
Lethal Weapon 4,0,0,0,0,0,[]
Leviathan,37,26,8,3,0,True
Liar Liar,6,1,4,1,0,True
Life,33,17,10,6,0,True
Life As A House,27,17,9,1,0,True
"Life of David Gale, The",30,21,9,0,0,True
Life of Pi,0,0,0,0,0,[]
Light Sleeper,29,21,7,1,0,True
"Limey, The",35,25,9,1,0,True
Limitless,46,32,13,1,0,True
Lincoln,4,1,3,0,0,True
"Lincoln Lawyer, The",22,9,10,3,0,True
"Lion King, The",0,0,0,0,0,[]
Little Athens,138,92,43,3,0,True
Little Men,2,1,1,0,0,True
"Little Mermaid, The",0,0,0,0,0,[]
Little Nicky,8,0,7,1,0,True
Living in Oblivion,48,39,9,0,0,True
"Lock, Stock and Two Smoking Barrels",83,72,11,0,0,True
Logan,41,26,15,0,0,True
Logan's Run,0,0,0,0,0,[]
Lone Star,6,4,2,0,0,True
"Long Kiss Goodnight, The",106,84,12,10,0,True
Looper,40,26,14,0,0,True
Lord of Illusions,44,29,14,1,0,True
"Lord of the Rings: Fellowship of the Ring, The",0,0,0,0,0,[]
Lord of the Rings: Return of the King,0,0,0,0,0,[]
Lord of the Rings: The Two Towers,0,0,0,0,0,[]
Lord of War,46,45,1,0,0,True
"Losers, The",16,3,13,0,0,True
Lost Highway,16,12,3,1,0,True
Lost Horizon,0,0,0,0,0,[]
Lost in Space,2,0,1,1,0,True
Lost in Translation,3,2,1,0,0,True
Love and Basketball,16,8,6,2,0,True
Machete,54,39,11,4,0,True
Machine Gun Preacher,32,21,10,1,0,True
Mad Max 2: The Road Warrior,0,0,0,0,0,[]
Made,158,93,62,3,0,True
Magnolia,151,126,19,6,0,True
"Majestic, The (The Bijou)",1,0,1,0,0,True
Major League,21,4,15,2,0,True
Malcolm X,13,1,8,4,0,True
Malibu's Most Wanted,22,1,5,16,0,True
Man in the Iron Mask,2,0,2,0,0,True
Man On Fire,17,14,3,0,0,True
Man on the Moon,14,12,2,0,0,True
Man Trouble,17,4,10,3,0,True
"Man Who Knew Too Much, The",0,0,0,0,0,[]
"Man Who Wasn't There, The",1,0,0,1,0,True
"Manchurian Candidate, The",16,6,10,0,0,True
Manhattan Murder Mystery,0,0,0,0,0,[]
Manhunter,10,5,3,2,0,True
Margaret,45,33,9,1,2,True
Margin Call,76,64,10,0,2,True
Margot at the Wedding,47,36,10,1,0,True
"Mariachi, El",0,0,0,0,0,[]
Marley & Me,0,0,0,0,0,[]
Martha Marcy May Marlene,18,13,5,0,0,True
"Martian, The",11,3,8,0,0,True
Marty,0,0,0,0,0,[]
Mary Poppins,0,0,0,0,0,[]
"Mask, The",8,1,2,5,0,True
Master and Commander,0,0,0,0,0,[]
"Master, The",14,11,3,0,0,True
Matchstick Men,0,0,0,0,0,[]
"Matrix Reloaded, The",28,21,7,0,0,True
"Matrix, The",25,10,15,0,0,True
Max Payne,5,0,3,2,0,True
Mean Streets,10,4,6,0,0,True
"Mechanic, The",11,8,3,0,0,True
Meet Joe Black,10,4,6,0,0,True
Meet John Doe,0,0,0,0,0,[]
Megamind,5,0,4,1,0,True
Memento,65,55,9,0,1,True
Men in Black,10,0,9,1,0,True
Men in Black 3,3,0,3,0,0,True
"Men Who Stare at Goats, The",25,17,7,0,1,True
Metro,63,38,20,5,0,True
Miami Vice,21,18,3,0,0,True
Midnight Cowboy,2,0,0,2,0,True
Midnight Express,59,40,18,1,0,True
Midnight in Paris,0,0,0,0,0,[]
Mighty Joe Young,0,0,0,0,0,[]
Mighty Morphin Power Rangers: The Movie,0,0,0,0,0,[]
Milk,17,7,10,0,0,True
Miller's Crossing,1,0,0,1,0,True
Mimic,26,14,11,1,0,True
Mini's First Time,38,25,7,5,1,True
Minority Report,14,10,4,0,0,True
"Miracle Worker, The",0,0,0,0,0,[]
Mirrors,4,4,0,0,0,True
Misery,7,3,2,2,0,True
Mission Impossible,4,1,0,3,0,True
Mission Impossible II,3,0,1,2,0,True
Mission to Mars,3,0,2,1,0,True
Moneyball,14,7,7,0,0,True
Monkeybone,3,0,3,0,0,True
Monster's Ball,0,0,0,0,0,[]
Monte Carlo,1,0,0,1,0,True
Moon,23,16,7,0,0,True
Moonrise Kingdom,1,0,1,0,0,True
Moonstruck,3,0,1,2,0,True
Mr Blandings Builds His Dream House,0,0,0,0,0,[]
Mr Brooks,30,25,4,1,0,True
Mr Deeds Goes to Town,0,0,0,0,0,[]
Mr. Holland's Opus,0,0,0,0,0,[]
Mrs. Brown,2,0,2,0,0,True
Mud,26,0,24,2,0,True
Mulan,0,0,0,0,0,[]
Mulholland Drive,2,0,1,1,0,True
Mumford,11,5,5,1,0,True
"Mummy, The",2,0,2,0,0,True
Music of the Heart,5,0,4,1,0,True
Mute Witness,7,2,5,0,0,True
My Best Friend's Wedding,34,13,18,3,0,True
My Girl,3,0,3,0,0,True
My Mother Dreams the Satan's Disciples in New York,5,3,2,0,0,True
My Week with Marilyn,14,11,3,0,0,True
Mystery Men,1,0,0,1,0,True
Napoleon Dynamite,0,0,0,0,0,[]
Nashville,0,0,0,0,0,[]
Natural Born Killers,54,22,23,9,0,True
Never Been Kissed,4,1,3,0,0,True
"Neverending Story, The",0,0,0,0,0,[]
New York Minute,2,0,2,0,0,True
Newsies,0,0,0,0,0,[]
Next,6,0,4,2,0,True
Next Friday,40,14,20,6,0,True
"Next Three Days, The",8,1,4,3,0,True
Ni vu ni connu,0,0,0,0,0,[]
Nick of Time,23,14,6,3,0,True
Night Time (The Poltergeist Treatment),1,0,1,0,0,True
Nightbreed,28,12,16,0,0,True
"Nightmare Before Christmas, The",0,0,0,0,0,[]
"Nightmare Before Christmas, The",0,0,0,0,0,[]
"Nightmare on Elm Street, A",15,9,6,0,0,True
Nightmare on Elm Street: The Final Chapter,0,0,0,0,0,[]
Nine,0,0,0,0,0,[]
"Nines, The",22,10,12,0,0,True
Ninja Assassin,25,21,3,1,0,True
Ninotchka,0,0,0,0,0,[]
"Ninth Gate, The",4,1,3,0,0,True
No Country for Old Men,3,0,1,2,0,True
No Strings Attached,31,18,9,4,0,True
Notting Hill,5,1,3,1,0,True
Nurse Betty,60,39,17,3,1,True
O Brother Where Art Thou?,0,0,0,0,0,[]
Oblivion,0,0,0,0,0,[]
Observe and Report,120,73,41,6,0,True
Obsessed,12,6,2,4,0,True
Ocean's Eleven,19,6,12,1,0,True
Ocean's Twelve,3,1,2,0,0,True
Office Space,28,10,15,3,0,True
"Officer and a Gentleman, An",0,0,0,0,0,[]
Omega Man,3,0,0,3,0,True
One Flew Over the Cuckoo's Nest,8,6,2,0,0,True
Only God Forgives,27,23,1,1,2,True
Ordinary People,22,10,11,1,0,True
Orgy of the Dead,0,0,0,0,0,[]
Orphan,12,6,5,1,0,True
"Other Boleyn Girl, The",0,0,0,0,0,[]
Out of Sight,61,32,29,0,0,True
Outbreak,0,0,0,0,0,[]
"Pacifier, The",0,0,0,0,0,[]
Pandorum,28,24,4,0,0,True
Panic Room,38,29,9,0,0,True
Papadopoulos & Sons,0,0,0,0,0,[]
ParaNorman,0,0,0,0,0,[]
Pariah,19,8,11,0,0,True
Passengers,1,0,0,1,0,True
"Passion of Joan of Arc, The",0,0,0,0,0,[]
"Patriot, The",0,0,0,0,0,[]
Paul,37,19,16,2,0,True
Pearl Harbor,23,5,13,5,0,True
Peeping Tom,1,0,0,1,0,True
Peggy Sue Got Married,2,0,2,0,0,True
Perfect Creature,13,10,3,0,0,True
"Perfect World, A",8,0,8,0,0,True
"Perks of Being a Wallflower, The",14,1,10,3,0,True
Pet Sematary,11,2,8,1,0,True
Pet Sematary II,14,8,6,0,0,True
Petulia,0,0,0,0,0,[]
Philadelphia,25,18,6,1,0,True
Phone Booth,61,47,13,1,0,True
Pi,13,10,3,0,0,True
"Pianist, The",7,4,2,1,0,True
"Piano, The",2,0,2,0,0,True
Pineapple Express,200,144,54,2,0,True
Pirates of the Caribbean,0,0,0,0,0,[]
Pirates of the Caribbean: Dead Man's Chest,0,0,0,0,0,[]
Pitch Black,26,23,3,0,0,True
"Planet of the Apes, The",0,0,0,0,0,[]
Platinum Blonde,0,0,0,0,0,[]
Platoon,162,81,75,6,0,True
Pleasantville,3,1,1,1,0,True
Point Break,60,37,19,4,0,True
Pokemon: Mewtwo Returns,0,0,0,0,0,[]
"Postman, The",7,2,5,0,0,True
"Power of One, The",1,0,1,0,0,True
Precious,38,7,13,17,1,True
Predator,13,5,5,3,0,True
"Prestige, The",1,0,1,0,0,True
Pretty Woman,13,4,7,2,0,True
Pretty Woman (final script),8,2,6,0,0,True
Pride and Prejudice,0,0,0,0,0,[]
Priest,5,0,5,0,0,True
"Princess Bride, The",0,0,0,0,0,[]
"Private Life of Sherlock Holmes, The",0,0,0,0,0,[]
"Producer, The",0,0,0,0,0,[]
"Program, The",44,16,27,1,0,True
Prom Night,0,0,0,0,0,[]
Prometheus,7,3,3,1,0,True
"Prophecy, The",24,12,8,4,0,True
"Proposal, The",15,0,12,3,0,True
Psycho,0,0,0,0,0,[]
Public Enemies,8,3,2,3,0,True
Pulp Fiction,128,57,63,8,0,True
Punch-Drunk Love,30,25,5,0,0,True
Purple Rain,25,14,9,2,0,True
Quantum Project,0,0,0,0,0,[]
Queen of the Damned,1,0,1,0,0,True
"Queen, The",0,0,0,0,0,[]
Rachel Getting Married,17,10,7,0,0,True
Raging Bull,32,26,3,1,2,True
Raising Arizona,9,0,9,0,0,True
Rambling Rose,14,0,3,11,0,True
Rambo: First Blood II: The Mission,0,0,0,0,0,[]
"Reader, The",0,0,0,0,0,[]
Real Genius,4,1,2,1,0,True
Rear Window,0,0,0,0,0,[]
Rebel Without A Cause,0,0,0,0,0,[]
Red Planet,34,28,3,3,0,True
Red Riding Hood,0,0,0,0,0,[]
Reindeer Games,54,44,10,0,0,True
"Relic, The",13,0,12,1,0,True
Remember Me,10,3,6,1,0,True
"Replacements, The",34,13,19,2,0,True
Repo Man,74,48,26,0,0,True
"Rescuers Down Under, The",0,0,0,0,0,[]
Reservoir Dogs,148,97,43,8,0,True
Resident Evil,30,8,22,0,0,True
Return of the Apes,15,8,7,0,0,True
"Revenant, The",10,1,6,3,0,True
Revolutionary Road,12,11,1,0,0,True
Ringu,0,0,0,0,0,[]
Rise of the Guardians,0,0,0,0,0,[]
Rise of the Planet of the Apes,2,0,0,2,0,True
RKO 281,34,25,6,3,0,True
"Road, The",4,3,0,1,0,True
Robin Hood: Prince of Thieves,0,0,0,0,0,[]
Robocop,0,0,0,0,0,[]
"Rock, The",49,35,14,0,0,True
RocknRolla,24,18,6,0,0,True
Rocky,1,1,0,0,0,True
"Rocky Horror Picture Show, The",1,1,0,0,0,True
Romeo & Juliet,0,0,0,0,0,[]
Ronin,41,31,8,2,0,True
Room,3,2,1,0,0,True
"Roommate, The",10,0,7,3,0,True
Roughshod,0,0,0,0,0,[]
"Ruins, The",28,23,3,1,1,True
Runaway Bride,0,0,0,0,0,[]
Rush,7,6,1,0,0,True
Rush Hour,28,10,15,3,0,True
Rush Hour 2,19,0,18,1,0,True
Rushmore,0,0,0,0,0,[]
Rust and Bone,29,17,8,3,1,True
S. Darko,43,29,12,2,0,True
"Saint, The",1,0,1,0,0,True
"Salton Sea, The",51,36,12,3,0,True
"Sandlot Kids, The",1,0,1,0,0,True
Save the Last Dance,86,26,50,10,0,True
Saving Mr. Banks,0,0,0,0,0,[]
Saving Private Ryan,26,20,5,1,0,True
Saw,40,29,9,2,0,True
Scarface,125,96,29,0,0,True
Scary Movie 2,0,0,0,0,0,[]
Schindler's List,5,5,0,0,0,True
Scott Pilgrim vs the World,24,12,4,8,0,True
Scream,43,19,21,3,0,True
Scream 2,32,5,22,4,1,True
Scream 3,61,32,27,2,0,True
Se7en,50,42,6,2,0,True
"Searchers, The",0,0,0,0,0,[]
"Secret Life of Walter Mitty, The",22,16,6,0,0,True
Semi-Pro,47,21,26,0,0,True
Sense and Sensibility,1,0,0,1,0,True
Serenity,1,1,0,0,0,True
Serial Mom,16,8,4,4,0,True
"Sessions, The",8,3,4,1,0,True
"Seventh Seal, The",0,0,0,0,0,[]
Sex and the City,13,7,5,1,0,True
"Sex, Lies and Videotape",22,14,4,4,0,True
Sexual Life,13,9,4,0,0,True
Shadow of the Vampire,0,0,0,0,0,[]
Shakespeare in Love,0,0,0,0,0,[]
Shallow Grave,4,3,1,0,0,True
Shame,72,66,5,1,0,True
Shampoo,39,25,10,3,1,True
"Shawshank Redemption, The",67,22,42,3,0,True
She's Out of My League,61,28,27,6,0,True
Sherlock Holmes,2,1,1,0,0,True
Shifty,195,182,9,0,4,True
"Shining, The",13,10,0,3,0,True
"Shipping News, The",10,4,3,3,0,True
Shivers,0,0,0,0,0,[]
Shrek,0,0,0,0,0,[]
Shrek the Third,0,0,0,0,0,[]
Sicario,36,31,5,0,0,True
Sideways,81,69,10,2,0,True
"Siege, The",32,20,10,2,0,True
Signs,2,0,1,1,0,True
Silence of the Lambs,20,10,5,4,1,True
Silver Bullet,17,6,10,1,0,True
Silver Linings Playbook,80,63,17,0,0,True
Simone,3,0,1,2,0,True
Single White Female,11,5,3,3,0,True
Sister Act,1,0,0,1,0,True
Six Degrees of Separation,15,12,2,1,0,True
"Sixth Sense, The",1,0,1,0,0,True
Sleepless in Seattle,3,2,1,0,0,True
Sleepy Hollow,2,0,0,2,0,True
Sling Blade,22,5,11,6,0,True
Slither,34,17,16,1,0,True
Slumdog Millionaire,8,1,7,0,0,True
Smashed,62,38,18,6,0,True
Smokin' Aces,70,37,25,8,0,True
Snatch,77,66,7,0,4,True
Sneakers,0,0,0,0,0,[]
Snow Falling On Cedars,6,2,0,4,0,True
Snow White and the Huntsman,0,0,0,0,0,[]
So I Married an Axe Murderer,5,0,5,0,0,True
"Social Network, The",27,13,10,4,0,True
Solaris,13,12,1,0,0,True
Soldier,11,5,6,0,0,True
Someone To Watch Over Me,24,19,5,0,0,True
Something's Gotta Give,12,6,5,1,0,True
Source Code,15,10,4,1,0,True
South Park,112,79,21,12,0,True
Space Milkshake,4,1,1,2,0,True
Spanglish,2,2,0,0,0,True
Spare Me,14,11,2,1,0,True
Spartan,24,21,1,1,1,True
Speed,0,0,0,0,0,[]
Speed Racer,0,0,0,0,0,[]
Sphere,32,18,13,1,0,True
Spider-Man,2,0,2,0,0,True
St. Elmo's Fire,20,10,10,0,0,True
Star Trek,41,31,10,0,0,True
Star Trek II: The Wrath of Khan,0,0,0,0,0,[]
Star Trek: First Contact,0,0,0,0,0,[]
Star Trek: Generations,0,0,0,0,0,[]
Star Trek: Nemesis,0,0,0,0,0,[]
Star Trek: The Motion Picture,0,0,0,0,0,[]
Star Wars: A New Hope,0,0,0,0,0,[]
Star Wars: Attack of the Clones,0,0,0,0,0,[]
Star Wars: Return of the Jedi,0,0,0,0,0,[]
Star Wars: Revenge of the Sith,0,0,0,0,0,[]
Star Wars: The Empire Strikes Back,0,0,0,0,0,[]
Star Wars: The Force Awakens,0,0,0,0,0,[]
Star Wars: The Phantom Menace,0,0,0,0,0,[]
Starman,6,0,6,0,0,True
Starship Troopers,3,0,0,3,0,True
State and Main,8,6,2,0,0,True
Station West,0,0,0,0,0,[]
Stepmom,20,13,6,1,0,True
"Sting, The",4,1,2,1,0,True
Stir of Echoes,26,14,9,3,0,True
Storytelling,26,18,5,2,1,True
Straight Outta Compton,225,97,117,11,0,True
Strange Days,64,33,26,5,0,True
Strangers on a Train,0,0,0,0,0,[]
"Stuntman, The",29,15,8,6,0,True
Sugar,17,7,10,0,0,True
Sugar and Spice,22,4,15,3,0,True
Sunset Blvd.,0,0,0,0,0,[]
Sunshine Cleaning,29,14,15,0,0,True
Super 8,21,9,12,0,0,True
Superbad,163,96,57,10,0,True
Superfights,0,0,0,0,0,[]
Supergirl,1,0,0,1,0,True
"Surfer King, The",0,0,0,0,0,[]
Surrogates,2,0,1,1,0,True
Suspect Zero,31,24,7,0,0,True
Sweeney Todd: The Demon Barber of Fleet Street,0,0,0,0,0,[]
"Sweet Hereafter, The",7,5,2,0,0,True
Sweet Smell of Success,0,0,0,0,0,[]
Swingers,52,12,20,20,0,True
Swordfish,38,24,13,1,0,True
"Synecdoche, New York",39,34,5,0,0,True
Syriana,24,16,8,0,0,True
Take Shelter,11,2,9,0,0,True
Taking Lives,21,8,11,2,0,True
"Taking of Pelham One Two Three, The",28,15,11,2,0,True
Taking Sides,10,8,2,0,0,True
"Talented Mr. Ripley, The",4,4,0,0,0,True
Tall in the Saddle,0,0,0,0,0,[]
Tamara Drewe,50,35,10,2,3,True
Taxi Driver,24,18,5,1,0,True
Ted,93,55,37,0,1,True
Terminator,12,9,3,0,0,True
Terminator 2: Judgement Day,0,0,0,0,0,[]
Terminator Salvation,7,2,4,1,0,True
The Rage: Carrie 2,0,0,0,0,0,[]
Thelma & Louise,0,0,0,0,0,[]
"Theory of Everything, The",0,0,0,0,0,[]
There's Something About Mary,64,47,16,1,0,True
They,11,4,7,0,0,True
"Thing, The",13,6,6,1,0,True
"Things My Father Never Taught Me, The",0,0,0,0,0,[]
Thirteen Days,19,7,12,0,0,True
This Boy's Life,14,5,8,1,0,True
This is 40,0,0,0,0,0,[]
Thor,0,0,0,0,0,[]
Thor Ragnarok,3,0,3,0,0,True
Three Kings,68,53,14,1,0,True
Three Kings (Spoils of War),11,2,4,5,0,True
Three Men and a Baby,36,7,24,5,0,True
"Three Musketeers, The",0,0,0,0,0,[]
Thunderbirds,0,0,0,0,0,[]
Thunderheart,45,28,16,1,0,True
Ticker,15,10,5,0,0,True
Timber Falls,40,32,5,3,0,True
"Time Machine, The",0,0,0,0,0,[]
Tin Cup,22,10,11,1,0,True
Tin Men,41,25,5,11,0,True
Tinker Tailor Soldier Spy,7,7,0,0,0,True
Titanic,10,2,7,1,0,True
TMNT,0,0,0,0,0,[]
To Sleep with Anger,0,0,0,0,0,[]
Tombstone,5,0,1,4,0,True
Tomorrow Never Dies,0,0,0,0,0,[]
Top Gun,12,0,9,3,0,True
Total Recall,4,1,3,0,0,True
"Tourist, The",3,1,2,0,0,True
Toy Story,0,0,0,0,0,[]
Traffic,51,40,11,0,0,True
Training Day,165,74,81,10,0,True
Trainspotting,116,97,4,0,15,True
Transformers: The Movie,0,0,0,0,0,[]
Tremors,25,9,7,9,0,True
Tristan and Isolde,0,0,0,0,0,[]
TRON,0,0,0,0,0,[]
TRON: Legacy,0,0,0,0,0,[]
Tropic Thunder,39,18,18,3,0,True
Troy,0,0,0,0,0,[]
True Grit,2,0,0,2,0,True
True Lies,24,2,11,11,0,True
True Romance,136,77,49,8,2,True
"Truman Show, The",12,9,3,0,0,True
Twilight,0,0,0,0,0,[]
Twilight: New Moon,0,0,0,0,0,[]
Twin Peaks,4,2,2,0,0,True
Twins,8,1,6,1,0,True
Two For The Money,110,95,11,4,0,True
U Turn,81,50,21,9,1,True
"Ugly Truth, The",19,9,8,2,0,True
Un Singe en Hiver,0,0,0,0,0,[]
Unbreakable,5,1,3,1,0,True
Under Fire,25,19,4,2,0,True
Unforgiven,0,0,0,0,0,[]
Unknown,3,1,1,1,0,True
Up,0,0,0,0,0,[]
Up in the Air,31,23,8,0,0,True
"Usual Suspects, The",45,30,14,1,0,True
V for Vendetta,10,6,2,1,1,True
Valentine's Day,0,0,0,0,0,[]
Valkyrie,9,5,4,0,0,True
Vanilla Sky,36,28,6,2,0,True
"Verdict, The",3,3,0,0,0,True
Vertigo,0,0,0,0,0,[]
Very Bad Things,70,64,5,1,0,True
"Village, The",0,0,0,0,0,[]
Virtuosity,16,6,9,1,0,True
"Visitor, The",1,0,1,0,0,True
Wag the Dog,27,22,5,0,0,True
"Walk to Remember, A",2,0,2,0,0,True
Walking Tall,3,1,1,1,0,True
Wall Street,8,3,3,2,0,True
Wall Street: Money Never Sleeps,0,0,0,0,0,[]
Wall-E,0,0,0,0,0,[]
Wanted,34,22,9,3,0,True
War for the Planet of the Apes,2,1,1,0,0,True
War Horse,0,0,0,0,0,[]
War of the Worlds,7,0,7,0,0,True
Warm Springs,2,0,0,2,0,True
Warrior,11,1,10,0,0,True
Watchmen,6,0,4,2,0,True
Water for Elephants,6,0,6,0,0,True
"Way Back, The",3,1,2,0,0,True
We Own the Night,25,16,9,0,0,True
What About Bob?,0,0,0,0,0,[]
What Lies Beneath,8,5,2,1,0,True
When a Stranger Calls,0,0,0,0,0,[]
When Harry Met Sally,0,0,0,0,0,[]
While She Was Out,26,5,12,9,0,True
"Whistleblower, The",24,20,3,1,0,True
White Christmas,0,0,0,0,0,[]
White Jazz,50,35,12,2,1,True
"White Ribbon, The",0,0,0,0,0,[]
White Squall,13,5,7,1,0,True
Whiteout,9,3,4,2,0,True
Who Framed Roger Rabbit?,0,0,0,0,0,[]
Who's Your Daddy,6,3,3,0,0,True
Wild At Heart,34,18,12,2,2,True
"Wild Bunch, The",4,0,0,4,0,True
Wild Hogs,19,0,11,8,0,True
Wild Things,39,21,14,4,0,True
Wild Things: Diamonds in the Rough,0,0,0,0,0,[]
Wild Wild West,5,1,4,0,0,True
Willow,0,0,0,0,0,[]
Win Win,46,19,27,0,0,True
Wind Chill,10,1,9,0,0,True
Withnail and I,40,36,1,1,2,True
Witness,6,2,3,1,0,True
"Wizard of Oz, The",0,0,0,0,0,[]
"Wolf of Wall Street, The",181,146,31,3,1,True
Wonder Boys,19,11,8,0,0,True
Wonder Woman,0,0,0,0,0,[]
"Woodsman, The",42,28,13,1,0,True
"World is not Enough, The",0,0,0,0,0,[]
"Wrestler, The",46,25,19,2,0,True
"X-Files: Fight the Future, The",0,0,0,0,0,[]
X-Men,0,0,0,0,0,[]
X-Men Origins: Wolverine,0,0,0,0,0,[]
xXx,14,0,10,4,0,True
Year One,4,1,3,0,0,True
Yes Man,13,1,9,3,0,True
You Can Count On Me,15,4,10,1,0,True
You've Got Mail,9,4,4,1,0,True
Youth in Revolt,6,2,4,0,0,True
Zero Dark Thirty,44,41,2,1,0,True
Zerophilia,18,14,4,0,0,True
Zootopia,0,0,0,0,0,[]
